카테고리,id,등급,상품명_한글,원어명,생산자_원어,분류,용량,현지가_원화,기준가_원화,할인율,판정근거,매칭된_와인명,일치율,국내가_최저,국내가_중앙,국내가_최신등록일,해외_원통화,해외_원가격,게시연도,신뢰도,상태,미변환여부,샴드뱅링크
미국,117,A,퀸테사,Quintessa,Quintessa,,750ml,168300,812050,0.7927,해외가,Quintessa Rutherford 2016,1.0,,,,USD,545.0,2025,높음,,False,https://charme-du-vin.com/2025/05/39385/
이탈리아,19,A,자코모 콘테르노 바롤로 리제르바 몬포르티노,Giacomo Conterno Barolo Riserva Monfortino,Giacomo,DOCG,750ml,1188000,5362510,0.7785,해외가,Giacomo Conterno Barolo Riserva Monfortino 1999,1.0,,,,USD,3599.0,2026,높음,,False,https://charme-du-vin.com/2026/04/43201/
이탈리아,54,A,아마 산 로렌초 키안티 클라시코 그란 셀레치오네,Ama San Lorenzo Chianti Classico Gran Selezione,Ama,DOCG,750ml,57420,245775,0.7664,해외가,Castello di Ama Chianti Classico Vigneto Gran Selezione San Lorenzo 2019,1.0,,,,USD,164.95,2025,높음,,False,https://charme-du-vin.com/2025/07/40368/
스페인·포르투갈,66,A,핑구스,Pingus,Pingus,,750ml,1055736,4364210,0.7581,해외가,Dominio de Pingus Pingus 2005,1.0,,,,USD,2929.0,2022,낮음,빈티지대체,False,https://charme-du-vin.com/2022/12/28439/
미국,130,A,조셉 펠프스 인시그니아,Joseph Phelps Insignia,Joseph,,1.5L,257400,981910,0.7379,해외가,Joseph Phelps Vineyards Insignia 2014,1.0,,,,USD,659.0,2025,높음,"실제병가:514,800원",False,https://charme-du-vin.com/2025/02/38051/
미국,98,A,홀 카베르네 소비뇽,Hall Cabernet Sauvignon,Hall,,750ml,82170,296510,0.7229,해외가,Hall Kathryn Hall Cabernet Sauvignon 2019,1.0,,,,USD,199.0,2025,높음,,False,https://charme-du-vin.com/2025/07/40032/
스페인·포르투갈,75,A,발렌시소 리오하 레세르바,Valenciso Rioja Reserva,Valenciso,,750ml,38056,131403,0.7104,해외가,VALENCISO Rioja Reserva 10 Años Después Edición Limitada 2014,1.0,,,,USD,88.19,2022,낮음,,False,https://charme-du-vin.com/2022/06/26507/
미국,118,A,퀸테사,Quintessa,Quintessa,,750ml,158400,521485,0.6963,해외가,Quintessa Rutherford 2017,1.0,,,,USD,349.99,2025,높음,,False,https://charme-du-vin.com/2025/05/39385/
이탈리아,73,A,테르체토 가비,Terzetto Gavi,Terzetto,DOC,750ml,10890,35686,0.6948,해외가,Terzetto Gavi 2025,1.0,,,,USD,23.95,2025,높음,빈티지대체,False,https://charme-du-vin.com/2025/03/38825/
미국,131,A,조셉 펠프스 인시그니아,Joseph Phelps Insignia,Joseph,,1.5L,267300,852280,0.6864,해외가,Joseph Phelps Vineyards Insignia 2015,1.0,,,,USD,572.0,2025,높음,"실제병가:534,600원",False,https://charme-du-vin.com/2025/02/38051/
스페인·포르투갈,83,A,플로르 데 핑구스,Flor de Pingus,Flor,,750ml,128700,402285,0.6801,해외가,Dominio de Pingus Flor de Pingus 2022,1.0,,,,USD,269.99,2021,낮음,빈티지대체,False,https://charme-du-vin.com/2021/12/24869/
이탈리아,32,A,페트롤로 토리오네,Petrolo Torrione,Petrolo,,750ml,22770,64055,0.6445,해외가,Petrolo Toscana Torrione 2021,1.0,,,,USD,42.99,2026,높음,,False,https://charme-du-vin.com/2026/01/42404/
미국,50,A,칼레라 밀스,Calera Mills,Calera,,750ml,98010,275650,0.6444,해외가,Calera Pinot Noir Mills Vineyard 2000,1.0,,,,USD,185.0,2026,높음,빈티지대체,False,https://charme-du-vin.com/2026/03/42749/
스페인·포르투갈,63,A,엘 푼티도,El Puntido,Puntido,,750ml,54905,153828,0.6431,해외가,Viñedos de Páganos El Puntido 2006,1.0,,,,USD,103.24,2023,보통,빈티지대체,False,https://charme-du-vin.com/2023/05/30335/
스페인·포르투갈,2,A,핑구스,Pingus,Pingus,,750ml,1287000,3415080,0.6231,해외가,Dominio de Pingus Pingus 2021,1.0,,,,USD,2292.0,2026,높음,,False,https://charme-du-vin.com/2026/04/43189/
스페인·포르투갈,12,A,핑구스 ‘,Pingus ‘,Pingus,,750ml,1287000,3415080,0.6231,해외가,Dominio de Pingus Pingus 2021,1.0,,,,USD,2292.0,2025,높음,,False,https://charme-du-vin.com/2025/09/40721/
스페인·포르투갈,88,A,누만시아 테르메스,Numanthia Termes,Numanthia,,750ml,30888,81935,0.623,해외가,Bodega Numanthia Termes 2017,1.0,,,,USD,54.99,2021,낮음,,False,https://charme-du-vin.com/2021/09/23817/
스페인·포르투갈,9,A,알바리뇨 데 페피냐네스,Albariño de Fefiñanes,Albariño,,750ml,37620,96835,0.6115,해외가,Fefiñanes Albariño de Fefiñanes III Año 2022,1.0,,,,USD,64.99,2025,높음,,False,https://charme-du-vin.com/2025/12/41832/
이탈리아,31,A,페트롤로 보지나 비안코 B,Petrolo Boggina Bianco B,Petrolo,,750ml,43560,111735,0.6101,해외가,Petrolo Boggina B Bianco 2021,1.0,,,,USD,74.99,2026,높음,,False,https://charme-du-vin.com/2026/01/42407/
스페인·포르투갈,67,A,로페스 데 에레디아 비냐 톤도니아 레세르바,López de Heredia Viña Tondonia Reserva,López,,750ml,76111,193685,0.607,해외가,R. López de Heredia Viña Tondonia Reserva 2009,1.0,,,,USD,129.99,2022,낮음,,False,https://charme-du-vin.com/2022/11/28215/
미국,11,A,칼레라 셀렉,Calera Selleck,Calera,,750ml,153450,384420,0.6008,해외가,Calera Pinot Noir Selleck Vineyard 1997,1.0,,,,USD,258.0,2026,높음,빈티지대체,False,https://charme-du-vin.com/2026/06/43857/
미국,49,A,칼레라 셀렉,Calera Selleck,Calera,,750ml,153450,384420,0.6008,해외가,Calera Pinot Noir Selleck Vineyard 1997,1.0,,,,USD,258.0,2026,높음,빈티지대체,False,https://charme-du-vin.com/2026/03/42749/
스페인·포르투갈,81,A,프레이셰넷 코르돈 네그로 브뤼,Freixenet Cordon Negro Brut,Freixenet,,750ml,7734,19355,0.6004,해외가,Freixenet Cava Cordón Negro Brut,1.0,,,,USD,12.99,2022,낮음,,False,https://charme-du-vin.com/2022/01/25123/
스페인·포르투갈,92,A,뱅자맹 드 로스차일드 & 베가 시실리아 마칸 리오하,Benjamin de Rothschild & Vega Sicilia Macán Rioja,Benjamin,,750ml,79794,192195,0.5848,해외가,Benjamin de Rothschild - Vega Sicilia Macán 2018,0.833,,,,USD,128.99,2021,낮음,빈티지대체,False,https://charme-du-vin.com/2021/01/21470/
이탈리아,22,A,레 마키올레 메소리오,Le Macchiole Messorio,Macchiole,,750ml,356400,858240,0.5847,해외가,Le Macchiole Messorio 2021,1.0,,,,USD,576.0,2026,높음,,False,https://charme-du-vin.com/2026/04/43103/
미국,18,A,할란 에스테이트 프로몬토리,Harlan Estate Promontory,Harlan,,750ml,1138500,2674476,0.5743,해외가,Harlan Estate Red 2018,0.5,,,,USD,1794.95,2026,높음,,False,https://charme-du-vin.com/2026/05/43557/
미국,51,A,키슬러 피노 누아 소노마 코스트,Kistler Pinot Noir Sonoma Coast,Kistler,,750ml,99000,226480,0.5629,해외가,Kistler Kistler Vineyard Pinot Noir 2003,1.0,,,,USD,152.0,2026,높음,빈티지대체,False,https://charme-du-vin.com/2026/03/42744/
이탈리아,33,A,페트롤로 토리오네,Petrolo Torrione,Petrolo,,750ml,17820,40200,0.5567,해외가,Petrolo Toscana Torrione 2019,1.0,,,,USD,26.98,2026,높음,,False,https://charme-du-vin.com/2026/01/42404/
이탈리아,68,A,카파르초 브루넬로 디 몬탈치노,Caparzo Brunello di Montalcino,Caparzo,DOCG,750ml,49500,111661,0.5567,해외가,Caparzo La Casa Brunello di Montalcino 2018,1.0,,,,USD,74.94,2025,높음,,False,https://charme-du-vin.com/2025/05/39370/
이탈리아,71,A,안티노리 피노 네로,Antinori Pinot Nero,Antinori,,750ml,53460,119185,0.5515,해외가,Antinori Castello della Sala Pinot Nero 2021,1.0,,,,USD,79.99,2025,높음,빈티지대체,False,https://charme-du-vin.com/2025/04/39121/
이탈리아,59,A,바로네 코르나키아 몬테풀차노 다브루초,Barone Cornacchia Montepulciano d'Abruzzo,Barone,,750ml,13860,29800,0.5349,해외가,Barone Cornacchia Montepulciano d'Abruzzo 2022,1.0,,,,USD,20.0,2025,높음,빈티지대체,False,https://charme-du-vin.com/2025/07/40141/
미국,60,A,오베르 UV‐SL 소노마 코스트 샤르도네,Aubert UV‐SL Sonoma Coast Chardonnay,Aubert,,750ml,272250,554280,0.5088,해외가,Aubert Chardonnay UV-SL Vineyard 2023,1.0,,,,USD,372.0,2025,높음,,False,https://charme-du-vin.com/2025/12/41700/
스페인·포르투갈,53,A,바르베이토 마데이라 세르시알 10년,Barbeito Madeira Sercial 10 Year Old,Barbeito,,750ml,33977,68123,0.5012,해외가,Barbeito 10 Years Old Reserve Sercial Madeira,1.0,,,,USD,45.72,2024,보통,,False,https://charme-du-vin.com/2024/01/32969/
이탈리아,66,A,파트리모 페우디 디 산 그레고리오,Patrimo Feudi di San Gregorio,Patrimo,,750ml,118800,236835,0.4984,해외가,Feudi di San Gregorio Pàtrimo 2013,1.0,,,,USD,158.95,2025,높음,빈티지대체,False,https://charme-du-vin.com/2025/05/39468/
이탈리아,55,A,안티노리 피안 델레 비녜 브루넬로 디 몬탈치노,Antinori Pian delle Vigne Brunello di Montalcino,Antinori,DOCG,750ml,67320,134026,0.4977,해외가,Antinori Pian delle Vigne Brunello di Montalcino 2019,1.0,,,,USD,89.95,2025,높음,,False,https://charme-du-vin.com/2025/07/40245/
이탈리아,38,A,가야 로시 바스 랑게,Gaja Rossj-Bass Langhe,Gaja,DOC,750ml,91080,180916,0.4966,해외가,Gaja Rossj-Bass Langhe 2024,1.0,,,,USD,121.42,2025,높음,,False,https://charme-du-vin.com/2025/12/42103/
이탈리아,39,A,가야 가야 에 레이 샤르도네,Gaja Gaja e Rey Chardonnay,Gaja,,750ml,287100,563146,0.4902,해외가,Gaja Gaia & Rey Langhe 2023,0.667,,,,USD,377.95,2025,높음,,False,https://charme-du-vin.com/2025/12/42103/
이탈리아,29,A,페트롤로 갈라트로나,Petrolo Galatrona,Petrolo,,750ml,84150,163870,0.4865,해외가,Petrolo Galatrona 2021,1.0,,,,USD,109.98,2026,높음,,False,https://charme-du-vin.com/2026/01/42401/
이탈리아,60,A,플라차넬로 델라 피에베,Flaccianello della Pieve,Flaccianello,,750ml,176220,342685,0.4858,해외가,Fontodi Flaccianello della Pieve 2021,1.0,,,,USD,229.99,2025,높음,,False,https://charme-du-vin.com/2025/06/39937/
이탈리아,45,A,오르넬라이아,Ornellaia,Ornellaia,,750ml,306900,595985,0.4851,해외가,Ornellaia Bolgheri Superiore 2020,1.0,,,,USD,399.99,2025,높음,,False,https://charme-du-vin.com/2025/09/40812/
이탈리아,43,A,발디카바 브루넬로 디 몬탈치노,Valdicava Brunello di Montalcino,Valdicava,DOCG,750ml,153450,297985,0.485,해외가,Valdicava Brunello di Montalcino 2019,1.0,,,,USD,199.99,2025,높음,,False,https://charme-du-vin.com/2025/11/41630/
미국,12,A,칼레라 젠슨,Calera Jensen,Calera,,750ml,153450,296510,0.4825,해외가,Calera Pinot Noir Jensen Vineyard 2007,1.0,,,,USD,199.0,2026,높음,빈티지대체,False,https://charme-du-vin.com/2026/06/43857/
이탈리아,4,A,카스텔로 디 아마 라파리타,Castello di Ama L'Apparita,Ama,,750ml,287100,552224,0.4801,해외가,Castello di Ama L'Apparita 2019,1.0,,,,USD,370.62,2026,높음,,False,https://charme-du-vin.com/2026/07/44264/
스페인·포르투갈,41,A,그레이엄스 토니 20년,Graham's Tawny 20 Year Old,Graham's,,750ml,55598,104285,0.4669,해외가,W. & J. Graham's 20 Year Old Tawny Port,1.0,,,,USD,69.99,2024,보통,,False,https://charme-du-vin.com/2024/02/33235/
스페인·포르투갈,32,A,클레멘스 부쉬 리슬링 마리엔부르크 로텐파트,Clemens Busch Riesling Marienburg Rothenpfad,Clemens,,750ml,59717,111661,0.4652,해외가,Clemens Busch Marienburg GG Felsterrasse 2018,0.6,,,,USD,74.94,2024,보통,,False,https://charme-du-vin.com/2024/06/34933/
스페인·포르투갈,19,A,클로스 모가도르 넬린 프리오라트,Clos Mogador Nelin Priorat,Clos,,750ml,79200,147495,0.463,해외가,Clos Mogador Priorat 2020,0.75,,,,USD,98.99,2025,높음,,False,https://charme-du-vin.com/2025/03/38548/
이탈리아,49,A,프루노토 모스카토 다스티,Prunotto Moscato d'Asti,Prunotto,DOCG,750ml,18810,34196,0.4499,해외가,Prunotto Moscato d'Asti 2024,1.0,,,,USD,22.95,2025,높음,빈티지대체,False,https://charme-du-vin.com/2025/09/40660/
이탈리아,10,A,사마스,Samas,Samas,,750ml,22770,40156,0.433,해외가,Punica Samas 2025,1.0,,,,USD,26.95,2026,높음,,False,https://charme-du-vin.com/2026/07/44109/
이탈리아,37,A,가야 알테니 디 브라시카,Gaja Alteni di Brassica,Gaja,,750ml,168300,296510,0.4324,해외가,Gaja Alteni di Brassica Langhe 2023,1.0,,,,USD,199.0,2025,높음,,False,https://charme-du-vin.com/2025/12/42103/
이탈리아,53,A,아마 키안티 클라시코,Ama Chianti Classico,Ama,DOCG,750ml,33660,58736,0.4269,해외가,Castello di Ama Chianti Classico 2022,1.0,,,,USD,39.42,2025,높음,,False,https://charme-du-vin.com/2025/07/40368/
이탈리아,57,A,안티노리 솔라이아,Antinori Solaia,Antinori,,750ml,415800,715200,0.4186,해외가,Antinori Tenuta Tignanello 'Solaia' 2021,1.0,,,,USD,480.0,2025,높음,,False,https://charme-du-vin.com/2025/07/40243/
이탈리아,76,A,비온디 산티 브루넬로 디 몬탈치노,Biondi-Santi Brunello di Montalcino,Biondi-Santi,DOCG,750ml,257400,435736,0.4093,해외가,Biondi-Santi Brunello di Montalcino 2018,1.0,,,,USD,292.44,2025,높음,,False,https://charme-du-vin.com/2025/03/38518/
이탈리아,5,A,가야 다그로미스 바롤로,Gaja Dagromis Barolo,Gaja,DOCG,750ml,123750,208585,0.4067,해외가,Gaja Dagromis Barolo 2021,1.0,,,,USD,139.99,2026,높음,,False,https://charme-du-vin.com/2026/07/44270/
이탈리아,58,A,카세 바세 솔데라,Case Basse Soldera,Case,,750ml,762300,1251585,0.3909,해외가,Soldera Case Basse Sangiovese Toscana 2020,1.0,,,,USD,839.99,2025,높음,,False,https://charme-du-vin.com/2025/07/40241/
이탈리아,42,A,로베르토 보에르치오 바롤로 체레퀴오,Roberto Voerzio Barolo Cerequio,Roberto,DOCG,750ml,336600,551285,0.3894,해외가,Roberto Voerzio Brunate  Barolo 2019,0.75,,,,USD,369.99,2025,높음,,False,https://charme-du-vin.com/2025/11/41637/
스페인·포르투갈,23,A,핑구스,Pingus,Pingus,,750ml,1184040,1936985,0.3887,해외가,Dominio de Pingus Pingus 2020,1.0,,,,USD,1299.99,2024,보통,,False,https://charme-du-vin.com/2024/11/36816/
이탈리아,78,A,달 포르노 로마노 아마로네 델라 발폴리첼라,Dal Forno Romano Amarone della Valpolicella,Dal,DOCG,750ml,445500,727254,0.3874,해외가,Dal Forno Romano Amarone della Valpolicella Monte Lodoletta 2017,1.0,,,,USD,488.09,2025,높음,,False,https://charme-du-vin.com/2025/02/38266/
스페인·포르투갈,68,A,핑구스,Pingus,Pingus,,750ml,1203048,1936985,0.3789,해외가,Dominio de Pingus Pingus 2019,1.0,,,,USD,1299.99,2022,낮음,,False,https://charme-du-vin.com/2022/11/28033/
미국,116,A,잉글눅 루비콘,Inglenook Rubicon,Inglenook,,750ml,188100,297985,0.3688,해외가,Inglenook Rubicon 2018,1.0,,,,USD,199.99,2025,높음,,False,https://charme-du-vin.com/2025/05/39382/
스페인·포르투갈,28,A,비냐 레알 레세르바,Viña Real Reserva,Real,,750ml,32947,52135,0.368,해외가,Viña Real Rioja Reserva 2018,1.0,,,,USD,34.99,2024,보통,빈티지대체,False,https://charme-du-vin.com/2024/07/35477/
미국,127,A,더 더 마스코트 나파,The The Mascot Napa,Mascot,,750ml,188100,296510,0.3656,해외가,The Mascot Cabernet Sauvignon 2019,1.0,,,,USD,199.0,2025,높음,,False,https://charme-du-vin.com/2025/03/38551/
스페인·포르투갈,37,A,루스코 알바리뇨,Lusco Albariño,Lusco,,750ml,25740,40156,0.359,해외가,Pazos de Lusco Lusco Albariño 2024,1.0,,,,USD,26.95,2024,보통,,False,https://charme-du-vin.com/2024/05/34617/
스페인·포르투갈,42,A,그레이엄스 토니 30년,Graham's Tawny 30 Year Old,Graham's,,750ml,133848,208585,0.3583,해외가,W. & J. Graham's 30 Year Old Tawny Port,1.0,,,,USD,139.99,2024,보통,,False,https://charme-du-vin.com/2024/02/33235/
이탈리아,64,A,파토리아 디 바르비 브루넬로 비냐 델 피오레,Fattoria di Barbi Brunello Vigna del Fiore,Barbi,,750ml,163350,251810,0.3513,해외가,Fattoria dei Barbi Brunello di Montalcino Vigna di Fiore 1990,1.0,,,,USD,169.0,2025,높음,빈티지대체,False,https://charme-du-vin.com/2025/05/39471/
이탈리아,13,A,가야 바르바레스코,Gaja Barbaresco,Gaja,DOCG,750ml,346500,521485,0.3356,해외가,Gaja Barbaresco 2021,1.0,,,,USD,349.99,2026,높음,,False,https://charme-du-vin.com/2026/06/43879/
이탈리아,48,A,테스타마타,Testamatta,Testamatta,,750ml,108900,163900,0.3356,해외가,Bibi Graetz Testamatta Toscana 2021,1.0,,,,USD,110.0,2025,높음,,False,https://charme-du-vin.com/2025/09/40718/
이탈리아,34,A,레 세레 누오베 디 오르넬라이아,Le Serre Nuove di Ornellaia,Serre,,750ml,64350,96835,0.3355,해외가,Ornellaia Le Serre Nuove 2020,1.0,,,,USD,64.99,2026,높음,,False,https://charme-du-vin.com/2026/01/42348/
스페인·포르투갈,21,A,플로르 데 핑구스,Flor de Pingus,Flor,,750ml,128700,193685,0.3355,해외가,Dominio de Pingus Flor de Pingus 2020,1.0,,,,USD,129.99,2025,높음,,False,https://charme-du-vin.com/2025/02/38160/
이탈리아,50,A,사마스,Samas,Samas,,750ml,22770,34255,0.3353,해외가,Punica Samas 2024,1.0,,,,USD,22.99,2025,높음,,False,https://charme-du-vin.com/2025/08/40589/
스페인·포르투갈,38,A,로제르 굴라르트 그란 레세르바 140周年,Roger Goulart Gran Reserva 140周年,Roger,,750ml,28829,43210,0.3328,해외가,Roger Goulart Cava Gran Reserva Brut 2020,0.8,,,,USD,29.0,2024,보통,빈티지대체,False,https://charme-du-vin.com/2024/05/34602/
미국,59,A,오퍼스 원,Opus One,Opus,,750ml,594000,886550,0.33,해외가,Opus One Opus One 2018,1.0,,,,USD,595.0,2025,높음,,False,https://charme-du-vin.com/2025/12/41887/
스페인·포르투갈,18,A,클로스 모가도르 프리오라트,Clos Mogador Priorat,Clos,,750ml,118800,174315,0.3185,해외가,Clos Mogador Priorat 2021,1.0,,,,USD,116.99,2025,높음,,False,https://charme-du-vin.com/2025/03/38548/
이탈리아,65,A,파토리아 디 바르비 로소 디 몬탈치노,Fattoria di Barbi Rosso di Montalcino,Barbi,DOC,750ml,38610,55949,0.3099,해외가,Fattoria dei Barbi Rosso di Montalcino 2021,1.0,,,,USD,37.55,2025,높음,,False,https://charme-du-vin.com/2025/05/39471/
이탈리아,20,A,자코모 콘테르노 바롤로 프란차,Giacomo Conterno Barolo Francia,Giacomo,DOCG,750ml,376200,544446,0.309,해외가,Giacomo Conterno Barolo Cascina Francia 2021,1.0,,,,USD,365.4,2026,높음,,False,https://charme-du-vin.com/2026/04/43201/
이탈리아,30,B,페트롤로 보지나 안포라 A,Petrolo Boggina Anfora A,Petrolo,,750ml,35640,135098,0.7362,해외가,Petrolo Bòggina A 2023,0.667,,,,USD,90.67,2026,높음,빈티지대체,False,https://charme-du-vin.com/2026/01/42407/
미국,61,B,오베르 피노 누아 UVヴィンヤード,Aubert Pinot Noir UVヴィンヤード,Aubert,,750ml,207900,631760,0.6709,해외가,Aubert Pinot Noir CIX 2022,0.75,,,,USD,424.0,2025,높음,빈티지대체,True,https://charme-du-vin.com/2025/12/41700/
이탈리아,80,B,포조 디 소토 로소 디 몬탈치노,Poggio di Sotto Rosso di Montalcino,Poggio,DOC,750ml,113850,335250,0.6604,해외가,Poggio di Sotto Brunello di Montalcino 2021,0.75,,,,USD,225.0,2025,높음,,False,https://charme-du-vin.com/2025/02/38228/
미국,140,B,알반 빈야드 パトリーナ,Alban Vineyard パトリーナ,Alban,,750ml,103950,297970,0.6511,해외가,Alban Vineyards Seymour's 2020,1.0,,,,USD,199.98,2025,높음,,True,https://charme-du-vin.com/2025/01/37840/
미국,62,B,오베르 피노 누아 UV‐SLヴィンヤード,Aubert Pinot Noir UV‐SLヴィンヤード,Aubert,,750ml,227700,631760,0.6396,해외가,Aubert Pinot Noir CIX 2022,0.6,,,,USD,424.0,2025,높음,빈티지대체,True,https://charme-du-vin.com/2025/12/41700/
스페인·포르투갈,48,B,돌리베이라 마데이라 부알,D'Oliveira Madeira Bual,D'Oliveira,,750ml,164736,441040,0.6265,해외가,D'Oliveiras Boal Madeira 2001,0.333,,,,USD,296.0,2024,보통,,False,https://charme-du-vin.com/2024/01/32983/
스페인·포르투갈,39,B,로제르 굴라르트 コーラル 로사도 브뤼,Roger Goulart コーラル Rosado Brut,Roger,,1.5L,13900,37176,0.6261,해외가,Roger Goulart Cava Reserva Brut 2019,0.667,24500,48250,2022-09-18,USD,24.95,2024,보통,"실제병가:26,730원",True,https://charme-du-vin.com/2024/05/34599/
미국,96,B,피터 마이클 샤르도네 ベルコート,Peter Michael Chardonnay ベルコート,Peter,,750ml,237600,604940,0.6072,해외가,Peter Michael Mon Plaisir Chardonnay 2020,1.0,,,,USD,406.0,2025,높음,,True,https://charme-du-vin.com/2025/07/40250/
스페인·포르투갈,49,B,돌리베이라 마데이라 베르데호,D'Oliveira Madeira Verdejo,D'Oliveira,,750ml,144144,357600,0.5969,해외가,D'Oliveiras Verdelho Madeira 2004,0.333,,,,USD,240.0,2024,보통,빈티지대체,False,https://charme-du-vin.com/2024/01/32983/
스페인·포르투갈,59,B,라 리오하 알타 ヴィニャアンダンサ 레세르바,La Rioja Alta ヴィニャアンダンサ Reserva,Rioja,,750ml,53737,128125,0.5806,해외가,La Rioja Alta Rioja Gran Reserva 904 2015,1.0,,,,USD,85.99,2023,보통,,True,https://charme-du-vin.com/2023/10/32221/
미국,125,B,신 쿠아 논 ディスティンタ IV 시라,Sine Qua Non ディスティンタ IV Syrah,Sine,,750ml,544500,1241170,0.5613,해외가,Sine Qua Non Eleven Confessions Syrah 2022,0.8,,,,USD,833.0,2025,높음,,True,https://charme-du-vin.com/2025/04/39042/
스페인·포르투갈,91,B,로제르 굴라르트 コーラル 로사도 브뤼,Roger Goulart コーラル Rosado Brut,Roger,,750ml,16731,37176,0.55,해외가,Roger Goulart Cava Reserva Brut 2019,0.667,24500,48250,2022-09-18,USD,24.95,2021,낮음,,True,https://charme-du-vin.com/2021/03/22097/
이탈리아,44,B,발디카바 브루넬로 디 몬탈치노 モントゾーリ,Valdicava Brunello di Montalcino モントゾーリ,Valdicava,DOCG,750ml,316800,691658,0.542,해외가,Valdicava Brunello di Montalcino 2001,1.0,,,,USD,464.2,2025,높음,,True,https://charme-du-vin.com/2025/11/41630/
스페인·포르투갈,62,B,틴토 페스케라 크리안사,Tinto Pesquera Crianza,Tinto,,750ml,39719,86405,0.5403,해외가,Tinto Pesquera Reserva 2019,0.667,,,,USD,57.99,2023,보통,,False,https://charme-du-vin.com/2023/07/31010/
스페인·포르투갈,74,B,발렌시소 리오하 화이트,Valenciso Rioja White,Valenciso,,750ml,31918,69062,0.5378,해외가,VALENCISO Rioja Reserva 2019,0.667,,,,USD,46.35,2022,낮음,빈티지대체,False,https://charme-du-vin.com/2022/06/26507/
스페인·포르투갈,56,B,바르베이토 마데이라 말바시아 10년,Barbeito Madeira Malvasia 10 Year Old,Barbeito,,750ml,33977,68123,0.5012,해외가,Barbeito 10 Years Old Reserve Sercial Madeira,0.75,,,,USD,45.72,2024,보통,,False,https://charme-du-vin.com/2024/01/32969/
스페인·포르투갈,54,B,바르베이토 마데이라 베르데호 10년,Barbeito Madeira Verdejo 10 Year Old,Barbeito,,750ml,33977,66424,0.4885,해외가,Barbeito 10 Years Old Reserva Verdelho Madeira,0.75,,,,USD,44.58,2024,보통,,False,https://charme-du-vin.com/2024/01/32969/
스페인·포르투갈,55,B,바르베이토 마데이라 부알 10년,Barbeito Madeira Bual 10 Year Old,Barbeito,,750ml,33977,66424,0.4885,해외가,Barbeito 10 Years Old Reserva Velha Boal Madeira,0.75,,,,USD,44.58,2024,보통,,False,https://charme-du-vin.com/2024/01/32969/
스페인·포르투갈,29,B,쿠네 레세르바,CVNE Reserva,CVNE,,750ml,23681,46175,0.4871,해외가,Cune (CVNE) Reserva Blanco 2019,1.0,,,,USD,30.99,2024,보통,,False,https://charme-du-vin.com/2024/07/35473/
미국,27,B,피터 마이클 샤르도네 マベルフィーユ,Peter Michael Chardonnay マベルフィーユ,Peter,,750ml,277200,539380,0.4861,해외가,Peter Michael Belle Côte Chardonnay 2017,1.0,,,,USD,362.0,2026,높음,,True,https://charme-du-vin.com/2026/05/43393/
스페인·포르투갈,86,B,페스케라 크리안사,Pesquera Crianza,Pesquera,,750ml,39897,74485,0.4644,해외가,Tinto Pesquera Crianza 2018,1.0,,,,USD,49.99,2021,낮음,,False,https://charme-du-vin.com/2021/10/24233/
이탈리아,90,B,제오그라피코 ボルゴアラテッラ 키안티 콜리 세네시,Geografico ボルゴアラテッラ Chianti Colli Senesi,Geografico,DOCG,750ml,13860,23825,0.4183,해외가,Geografico Borgo Alla Terra Chianti Colli Senesi 2021,1.0,,,,USD,15.99,2025,높음,빈티지대체,True,https://charme-du-vin.com/2025/01/37730/
미국,94,B,오 봉 클리마 샤르도네 뉘 블랑슈 フォーサイト,Au Bon Climat Chardonnay Nuits Blanches フォーサイト,Au,,750ml,53460,89892,0.4053,해외가,Au Bon Climat Chardonnay Nuits-Blanches au Bouge 2021,1.0,,,,USD,60.33,2025,높음,,True,https://charme-du-vin.com/2025/07/40252/
이탈리아,67,B,테누타 디 테누타 디 트리노로,Tenuta di Tenuta di Trinoro,Trinoro,,750ml,257400,426229,0.3961,해외가,Tenuta di Trinoro Palazzi Rosso Toscana 2013,1.0,,,,USD,286.06,2025,높음,,False,https://charme-du-vin.com/2025/05/39468/
이탈리아,35,B,로베르토 보에르치오 바롤로 フォッサーティ,Roberto Voerzio Barolo フォッサーティ,Roberto,DOCG,750ml,336600,551285,0.3894,해외가,Roberto Voerzio Brunate  Barolo 2019,1.0,,,,USD,369.99,2026,높음,,True,https://charme-du-vin.com/2026/01/42262/
이탈리아,36,B,로베르토 보에르치오 바롤로 ラセッラ,Roberto Voerzio Barolo ラセッラ,Roberto,DOCG,750ml,336600,551285,0.3894,해외가,Roberto Voerzio Brunate  Barolo 2019,1.0,,,,USD,369.99,2026,높음,,True,https://charme-du-vin.com/2026/01/42262/
미국,64,B,에덴 리프트 ヴァリアント 샤르도네,Eden Rift ヴァリアント Chardonnay,Eden,,750ml,42570,68540,0.3789,해외가,Eden Rift Vineyards Estate Chardonnay 2022,1.0,,,,USD,46.0,2025,높음,,True,https://charme-du-vin.com/2025/11/41519/
미국,63,B,에덴 리프트 ヴァリアント 피노 누아,Eden Rift ヴァリアント Pinot Noir,Eden,,750ml,42570,68525,0.3788,해외가,Eden Rift Vineyards Pinot Noir 2022,1.0,,,,USD,45.99,2025,높음,,True,https://charme-du-vin.com/2025/11/41519/
미국,87,B,키슬러 샤르도네 ノワゼッティエール,Kistler Chardonnay ノワゼッティエール,Kistler,,750ml,108900,163900,0.3356,해외가,Kistler Chardonnay 2023,1.0,,,,USD,110.0,2025,높음,,True,https://charme-du-vin.com/2025/08/40592/
이탈리아,14,B,자코모 콘테르노 바롤로 리제르바 モンフォルチーノ,Giacomo Conterno Barolo Riserva モンフォルチーノ,Giacomo,DOCG,750ml,1188000,1728326,0.3126,해외가,Giacomo Conterno Barolo Riserva Monfortino 2019,1.0,,,,USD,1159.95,2026,높음,,True,https://charme-du-vin.com/2026/06/43879/
이탈리아,56,B,안티노리 피안 델레 비녜 브루넬로 디 몬탈치노 비냐 フェッロヴィア 리제르바,Antinori Pian delle Vigne Brunello di Montalcino Vigna フェッロヴィア Riserva,Antinori,DOCG,750ml,138600,201150,0.311,해외가,Antinori Pian delle Vigne Vignaferrovia Brunello di Montalcino Riserva 2018,0.875,,,,USD,135.0,2025,높음,,True,https://charme-du-vin.com/2025/07/40245/
이탈리아,9,B,테누타 디 트리노로 カンポ 디 마냐코스타,Tenuta di Trinoro カンポ di Magnacosta,Trinoro,,750ml,138600,199645,0.3058,해외가,Tenuta di Trinoro Campo di Tenaglia Rosso Toscana 2022,0.667,,,,USD,133.99,2026,높음,,True,https://charme-du-vin.com/2026/07/44248/
미국,81,B,게리 패럴 피노 누아,Gary Farrell Pinot Noir,Gary,,750ml,52470,74485,0.2956,해외가,Gary Farrell Russian River Selection Pinot Noir 2022,1.0,,,,USD,49.99,2025,높음,,False,https://charme-du-vin.com/2025/09/40929/
이탈리아,8,B,일 일 카르보나이오네,Il Il Carbonaione,Carbonaione,,750ml,57420,80177,0.2838,해외가,Poggio Scalette Il Carbonaione Alta Valle della Greve 2021,1.0,,,,USD,53.81,2026,높음,,False,https://charme-du-vin.com/2026/07/44248/
스페인·포르투갈,1,B,플로르 데 핑구스,Flor de Pingus,Flor,,750ml,128700,178785,0.2801,해외가,Dominio de Pingus Flor de Pingus 2021,1.0,,,,USD,119.99,2026,높음,,False,https://charme-du-vin.com/2026/04/43189/
이탈리아,47,B,오르넬라이아 비안코,Ornellaia Bianco,Ornellaia,,750ml,366300,505393,0.2752,해외가,Ornellaia Toscana Bianco 2022,1.0,,,,USD,339.19,2025,높음,,False,https://charme-du-vin.com/2025/09/40812/
미국,58,B,키슬러 샤르도네 소노마 マウンテン,Kistler Chardonnay Sonoma マウンテン,Kistler,,750ml,118800,163900,0.2752,해외가,Kistler Chardonnay 2023,1.0,,,,USD,110.0,2025,높음,,True,https://charme-du-vin.com/2025/12/41927/
미국,80,B,게리 패럴 샤르도네,Gary Farrell Chardonnay,Gary,,750ml,45540,62580,0.2723,해외가,Gary Farrell Russian River Selection Chardonnay 2022,1.0,,,,USD,42.0,2025,높음,,False,https://charme-du-vin.com/2025/09/40929/
미국,70,B,더 더 마스코트 나파,The The Mascot Napa,Mascot,,750ml,217800,297985,0.2691,해외가,The Mascot Cabernet Sauvignon 2020,1.0,,,,USD,199.99,2025,높음,,False,https://charme-du-vin.com/2025/10/41340/
미국,47,B,칼레라 라이언,Calera Ryan,Calera,,750ml,98010,134070,0.269,해외가,Calera Pinot Noir Ryan Vineyard 2019,1.0,,,,USD,89.98,2026,높음,,False,https://charme-du-vin.com/2026/03/42754/
미국,52,B,키슬러 피노 누아 러시안 리버,Kistler Pinot Noir Russian River,Kistler,,750ml,118800,160905,0.2617,해외가,Kistler Russian River Valley Pinot Noir 2022,1.0,,,,USD,107.99,2026,높음,,False,https://charme-du-vin.com/2026/03/42744/
스페인·포르투갈,16,B,초민 에차니스 차콜리 로사도,Txomin Etxaniz Txakoli Rosado,Txomin,,750ml,29700,40215,0.2615,해외가,Txomin Etxaniz Txakoli 2023,0.75,,,,USD,26.99,2025,높음,,False,https://charme-du-vin.com/2025/06/39704/
이탈리아,77,B,달 포르노 로마노 발폴리첼라 수페리오레,Dal Forno Romano Valpolicella Superiore,Dal,DOC,750ml,138600,186250,0.2558,해외가,Dal Forno Romano Valpolicella Superiore Monte Lodoletta 2017,1.0,,,,USD,125.0,2025,높음,,False,https://charme-du-vin.com/2025/02/38266/
미국,19,B,트레페던 エシュコル 샤르도네 나파,Trefethen エシュコル Chardonnay Napa,Trefethen,,750ml,27720,37235,0.2555,해외가,Trefethen Chardonnay 2023,1.0,,,,USD,24.99,2026,높음,,True,https://charme-du-vin.com/2026/05/43557/
이탈리아,11,B,안티노리 솔라이아,Antinori Solaia,Antinori,,750ml,445500,595985,0.2525,해외가,Antinori Tenuta Tignanello 'Solaia' 2020,1.0,,,,USD,399.99,2026,높음,,False,https://charme-du-vin.com/2026/07/44109/
스페인·포르투갈,64,B,콘다도 アザ 크리안사,Condado アザ Crianza,Condado,,750ml,24532,32765,0.2513,해외가,Condado de Haza Crianza Ribera del Duero 2019,1.0,,,,USD,21.99,2023,보통,,True,https://charme-du-vin.com/2023/03/29499/
미국,55,B,스타 레인 카베르네 소비뇽,Star Lane Cabernet Sauvignon,Star,,750ml,62370,81935,0.2388,해외가,Star Lane Vineyard Cabernet Sauvignon 2020,1.0,,,,USD,54.99,2026,높음,,False,https://charme-du-vin.com/2026/01/42127/
이탈리아,18,B,레 세레 누오베 디 오르넬라이아,Le Serre Nuove di Ornellaia,Serre,,750ml,85140,111735,0.238,해외가,Ornellaia Le Serre Nuove 2022,1.0,,,,USD,74.99,2026,높음,,False,https://charme-du-vin.com/2026/05/43390/
미국,29,B,키슬러 샤르도네 더튼 랜치,Kistler Chardonnay Dutton Ranch,Kistler,,750ml,227700,297985,0.2359,해외가,Kistler Dutton Ranch Chardonnay 2023,1.0,,,,USD,199.99,2026,높음,,False,https://charme-du-vin.com/2026/04/43297/
스페인·포르투갈,4,B,시에라 칸타브리아 그란 레세르바,Sierra Cantabria Gran Reserva,Sierra,,750ml,57420,74500,0.2293,해외가,Sierra Cantabria Gran Reserva 2016,1.0,,,,USD,50.0,2026,높음,,False,https://charme-du-vin.com/2026/04/43068/
미국,56,B,더 더 힐트 에스테이트 샤르도네,The The Hilt Estate Chardonnay,Hilt,,750ml,49500,63981,0.2263,해외가,The Hilt Estate Chardonnay 2022,1.0,,,,USD,42.94,2025,높음,,False,https://charme-du-vin.com/2025/12/42059/
미국,102,B,조셉 펠프스 인시그니아,Joseph Phelps Insignia,Joseph,,750ml,415800,536385,0.2248,해외가,Joseph Phelps Vineyards Insignia 2021,1.0,,,,USD,359.99,2025,높음,,False,https://charme-du-vin.com/2025/06/39854/
이탈리아,46,B,오르넬라이아,Ornellaia,Ornellaia,,750ml,326700,417185,0.2169,해외가,Ornellaia Bolgheri Superiore 2021,1.0,,,,USD,279.99,2025,높음,,False,https://charme-du-vin.com/2025/09/40812/
이탈리아,79,B,포조 디 소토 브루넬로 디 몬탈치노,Poggio di Sotto Brunello di Montalcino,Poggio,DOCG,750ml,287100,363754,0.2107,해외가,Poggio di Sotto Brunello di Montalcino 2019,1.0,,,,USD,244.13,2025,높음,,False,https://charme-du-vin.com/2025/02/38228/
스페인·포르투갈,65,B,플로르 데 핑구스,Flor de Pingus,Flor,,750ml,141174,178785,0.2104,해외가,Dominio de Pingus Flor de Pingus 2019,1.0,,,,USD,119.99,2022,낮음,,False,https://charme-du-vin.com/2022/12/28439/
이탈리아,24,B,엘리오 알타레 바르베라 달바,Elio Altare Barbera d'Alba,Elio,DOC,750ml,44550,56158,0.2067,해외가,Elio Altare Barbera d'Alba 2024,1.0,,,,USD,37.69,2026,높음,,False,https://charme-du-vin.com/2026/02/42441/
미국,1,B,콩스가드 시라,Kongsgaard Syrah,Kongsgaard,,750ml,316800,394954,0.1979,해외가,Kongsgaard Syrah 2021,1.0,,,,USD,265.07,2026,높음,빈티지대체,False,https://charme-du-vin.com/2026/07/44399/
이탈리아,26,B,엘리오 알타레 바롤로 체레타,Elio Altare Barolo Cerretta,Elio,DOCG,750ml,207900,258262,0.195,해외가,Elio Altare Cerretta Barolo Riserva (Vigna Bricco) 2019,1.0,,,,USD,173.33,2026,높음,,False,https://charme-du-vin.com/2026/02/42438/
미국,3,B,오 봉 클리마 샤르도네 뉘 블랑슈 ライクマインズ,Au Bon Climat Chardonnay Nuits Blanches ライクマインズ,Au,,750ml,68310,84856,0.195,해외가,Au Bon Climat Chardonnay Nuits-Blanches au Bouge 2022,1.0,,,,USD,56.95,2026,높음,,True,https://charme-du-vin.com/2026/07/44372/
미국,103,B,초크 힐 피노 누아 소노마 코스트,Chalk Hill Pinot Noir Sonoma Coast,Chalk,,750ml,38610,47650,0.1897,해외가,Chalk Hill Pinot Noir 2021,1.0,,,,USD,31.98,2025,높음,,False,https://charme-du-vin.com/2025/06/39821/
이탈리아,28,B,엘리오 알타레 바롤로 아르보리나,Elio Altare Barolo Arborina,Elio,DOCG,750ml,188100,230458,0.1838,해외가,Elio Altare Arborina Barolo 2021,1.0,,,,USD,154.67,2026,높음,,False,https://charme-du-vin.com/2026/02/42430/
이탈리아,16,B,오르넬라이아,Ornellaia,Ornellaia,,750ml,316800,387385,0.1822,해외가,Ornellaia Bolgheri Superiore 2022,1.0,,,,USD,259.99,2026,높음,,False,https://charme-du-vin.com/2026/05/43481/
스페인·포르투갈,60,B,로제르 굴라르트 ザロジャー MARK1,Roger Goulart ザロジャー MARK1,Roger,,750ml,75933,92365,0.1779,해외가,Roger Goulart Cava Gran Reserva Brut 2013,0.667,24500,48250,2022-09-18,USD,61.99,2023,보통,,True,https://charme-du-vin.com/2023/10/31861/
미국,100,B,키슬러 샤르도네 트렌턴 로드하우스,Kistler Chardonnay Trenton Roadhouse,Kistler,,750ml,227700,275650,0.174,해외가,Kistler Trenton Roadhouse Chardonnay 2022,1.0,,,,USD,185.0,2025,높음,,False,https://charme-du-vin.com/2025/06/39943/
이탈리아,25,B,엘리오 알타레 바롤로 칸누비,Elio Altare Barolo Cannubi,Elio,DOCG,750ml,336600,405280,0.1695,해외가,Elio Altare Cannubi Barolo 2021,1.0,,,,USD,272.0,2026,높음,,False,https://charme-du-vin.com/2026/02/42438/
미국,57,B,더 더 힐트 에스테이트 피노 누아,The The Hilt Estate Pinot Noir,Hilt,,750ml,49500,59585,0.1693,해외가,The Hilt Estate Pinot Noir 2021,1.0,,,,USD,39.99,2025,높음,,False,https://charme-du-vin.com/2025/12/42059/
이탈리아,17,B,페우디 디 산 그레고리오 クティッツイ 그레코 디 투포,Feudi di San Gregorio クティッツイ Greco di Tufo,Gregorio,DOCG,750ml,30690,36699,0.1637,해외가,Feudi di San Gregorio Greco Di Tufo 2022,1.0,34000,34500,2023-02-23,USD,24.63,2026,높음,,True,https://charme-du-vin.com/2026/05/43390/
이탈리아,7,B,아마 키안티 클라시코 그란 셀레치오네 산 로렌초,Ama Chianti Classico Gran Selezione San Lorenzo,Ama,DOCG,750ml,69300,81920,0.1541,해외가,Castello di Ama Chianti Classico Vigneto Gran Selezione San Lorenzo 2020,1.0,,,,USD,54.98,2026,높음,,False,https://charme-du-vin.com/2026/07/44267/
이탈리아,27,B,엘리오 알타레 바롤로,Elio Altare Barolo,Elio,DOCG,750ml,128700,150684,0.1459,해외가,Elio Altare Barolo 2021,1.0,,,,USD,101.13,2026,높음,,False,https://charme-du-vin.com/2026/02/42430/
스페인·포르투갈,25,B,틴토 페스케라 레세르바,Tinto Pesquera Reserva,Tinto,,750ml,64865,75230,0.1378,해외가,Tinto Pesquera Reserva 2020,1.0,,,,USD,50.49,2024,보통,,False,https://charme-du-vin.com/2024/11/36741/
미국,65,B,찰스 스미스 リアルワイン 카베르네 소비뇽,Charles Smith リアルワイン Cabernet Sauvignon,Charles,,750ml,25740,29726,0.1341,해외가,Charles Smith Chateau Smith Cabernet Sauvignon 2021,1.0,,,,USD,19.95,2025,높음,,True,https://charme-du-vin.com/2025/11/41376/
이탈리아,87,B,엘리오 그라소 바롤로 ルンコト 리제르바,Elio Grasso Barolo ルンコト Riserva,Elio,DOCG,750ml,376200,432085,0.1293,해외가,Elio Grasso Barolo Riserva Rüncot 2016,1.0,,,,USD,289.99,2025,높음,,True,https://charme-du-vin.com/2025/01/37868/
미국,7,B,키슬러 샤르도네 허드슨 빈야드,Kistler Chardonnay Hudson Vineyard,Kistler,,750ml,227700,260735,0.1267,해외가,Kistler Hudson Vineyard Chardonnay 2023,1.0,,,,USD,174.99,2026,높음,,False,https://charme-du-vin.com/2026/06/44028/
미국,43,B,더 더 마스코트 나파,The The Mascot Napa,Mascot,,750ml,227700,260675,0.1265,해외가,The Mascot Cabernet Sauvignon 2021,1.0,,,,USD,174.95,2026,높음,,False,https://charme-du-vin.com/2026/03/42862/
스페인·포르투갈,3,B,시에라 칸타브리아 크리안사,Sierra Cantabria Crianza,Sierra,,750ml,28710,32706,0.1222,해외가,Sierra Cantabria Crianza 2021,1.0,,,,USD,21.95,2026,높음,,False,https://charme-du-vin.com/2026/04/43068/
이탈리아,61,B,자코모 콘테르노 바롤로 프란차,Giacomo Conterno Barolo Francia,Giacomo,DOCG,750ml,346500,393360,0.1191,해외가,Giacomo Conterno Barolo Cascina Francia 2020,1.0,,,,USD,264.0,2025,높음,,False,https://charme-du-vin.com/2025/06/39890/
이탈리아,23,B,브루노 자코사 바르바레스코 라바야,Bruno Giacosa Barbaresco Rabajà,Bruno,DOCG,750ml,475200,535804,0.1131,해외가,Bruno Giacosa Falletto Barbaresco Rabaja 2021,1.0,,,,USD,359.6,2026,높음,,False,https://charme-du-vin.com/2026/04/43103/
이탈리아,85,B,엘리오 알타레 바롤로,Elio Altare Barolo,Elio,DOCG,750ml,123750,138198,0.1045,해외가,Elio Altare Barolo 2020,1.0,,,,USD,92.75,2025,높음,,False,https://charme-du-vin.com/2025/01/37890/
이탈리아,63,B,파토리아 디 바르비 브루넬로 디 몬탈치노,Fattoria di Barbi Brunello di Montalcino,Barbi,DOCG,750ml,87120,97133,0.1031,해외가,Fattoria dei Barbi Brunello di Montalcino 2019,1.0,,,,USD,65.19,2025,높음,빈티지대체,False,https://charme-du-vin.com/2025/05/39471/
미국,74,B,콩스가드 샤르도네 더 저지,Kongsgaard Chardonnay The Judge,Kongsgaard,,750ml,792000,879085,0.0991,해외가,Kongsgaard The Judge Chardonnay 2023,1.0,,,,USD,589.99,2025,높음,,False,https://charme-du-vin.com/2025/10/41160/
미국,38,B,허드슨 샤르도네,Hudson Chardonnay,Hudson,,750ml,97020,107265,0.0955,해외가,Hudson Chardonnay 2023,1.0,,,,USD,71.99,2026,높음,,False,https://charme-du-vin.com/2026/03/42880/
이탈리아,69,B,자코모 콘테르노 바르베라 달바 비냐 프란차,Giacomo Conterno Barbera d'Alba Vigna Francia,Giacomo,DOC,750ml,108900,119185,0.0863,해외가,Giacomo Conterno Barbera d'Alba Vigna Francia 2022,1.0,,,,USD,79.99,2025,높음,,False,https://charme-du-vin.com/2025/04/39192/
이탈리아,70,B,예르만 웨어 드림스,Jermann Were Dreams,Jermann,,750ml,75240,81950,0.0819,해외가,Jermann Where Dreams have no end (W... Dreams...) 2022,0.667,,,,USD,55.0,2025,높음,,False,https://charme-du-vin.com/2025/04/39124/
미국,4,B,지라드 카베르네 소비뇽 나파,Girard Cabernet Sauvignon Napa,Girard,,750ml,58410,62565,0.0664,해외가,Girard Cabernet Sauvignon 2021,1.0,,,,USD,41.99,2026,높음,,False,https://charme-du-vin.com/2026/07/44319/
스페인·포르투갈,77,B,장 레옹 3055 샤르도네,Jean Leon 3055 Chardonnay,Jean,,750ml,20869,22276,0.0632,해외가,Jean Leon Chardonnay Penedès 3055 2018,1.0,,,,USD,14.95,2022,낮음,빈티지대체,False,https://charme-du-vin.com/2022/03/25546/
미국,145,B,피터 마이클 オーパラディ,Peter Michael オーパラディ,Peter,,750ml,366300,387355,0.0544,해외가,Peter Michael Les Pavots 2020,1.0,,,,USD,259.97,2025,높음,,True,https://charme-du-vin.com/2025/01/37774/
미국,9,B,키슬러 샤르도네 ノワゼッティエール,Kistler Chardonnay ノワゼッティエール,Kistler,,750ml,108900,114715,0.0507,해외가,Kistler Chardonnay 2024,1.0,,,,USD,76.99,2026,높음,,True,https://charme-du-vin.com/2026/06/44024/
스페인·포르투갈,90,B,토레스 비냐 에스메랄다,Torres Viña Esmeralda,Torres,,750ml,14800,15466,0.0431,해외가,Familia Torres Viña Esmeralda 2023,1.0,,,,USD,10.38,2021,낮음,빈티지대체,False,https://charme-du-vin.com/2021/04/22418/
미국,69,B,웨이페어러 샤르도네 フォーロスシーヴュー,Wayfarer Chardonnay フォーロスシーヴュー,Wayfarer,,750ml,128700,134026,0.0397,해외가,Wayfarer Chardonnay 2022,1.0,,,,USD,89.95,2025,높음,,True,https://charme-du-vin.com/2025/10/41340/
미국,79,B,조엘 고트 샤르도네,Joel Gott Chardonnay,Joel,,750ml,25740,26805,0.0397,해외가,Joel Gott Barrel Aged Chardonnay 2021,1.0,,,,USD,17.99,2025,높음,,False,https://charme-du-vin.com/2025/09/40932/
미국,101,B,키슬러 샤르도네 허드슨 빈야드,Kistler Chardonnay Hudson Vineyard,Kistler,,750ml,227700,236910,0.0389,해외가,Kistler Hudson Vineyard Chardonnay 2022,1.0,,,,USD,159.0,2025,높음,,False,https://charme-du-vin.com/2025/06/39943/
이탈리아,81,B,스키아벤차 랑게 네비올로,Schiavenza Langhe Nebbiolo,Schiavenza,DOC,750ml,27720,28817,0.0381,해외가,Schiavenza Langhe Nebbiolo 2015,1.0,,,,USD,19.34,2025,높음,빈티지대체,False,https://charme-du-vin.com/2025/02/38126/
스페인·포르투갈,70,B,라 리오하 알타 비냐 알베르디,La Rioja Alta Viña Alberdi,Rioja,,750ml,40511,41705,0.0286,해외가,La Rioja Alta Viña Alberdi Reserva 2018,1.0,,,,USD,27.99,2022,낮음,,False,https://charme-du-vin.com/2022/09/27494/
미국,115,B,애스턴 에스테이트 피노 누아 소노마,Aston Estate Pinot Noir Sonoma,Aston,,750ml,108900,111735,0.0254,해외가,Aston Estate Pinot Noir 2019,1.0,,,,USD,74.99,2025,높음,,False,https://charme-du-vin.com/2025/05/39417/
미국,5,B,키슬러 피노 누아 소노마 코스트,Kistler Pinot Noir Sonoma Coast,Kistler,,750ml,108900,111676,0.0249,해외가,Kistler Pinot Noir 2023,1.0,,,,USD,74.95,2026,높음,,False,https://charme-du-vin.com/2026/06/44031/
미국,75,B,오퍼스 원,Opus One,Opus,,750ml,623700,633622,0.0157,해외가,Opus One Opus One 2021,1.0,,,,USD,425.25,2025,높음,,False,https://charme-du-vin.com/2025/10/41137/
이탈리아,86,B,엘리오 알타레 바롤로 아르보리나,Elio Altare Barolo Arborina,Elio,DOCG,750ml,163350,163870,0.0032,해외가,Elio Altare Arborina Barolo 2020,1.0,,,,USD,109.98,2025,높음,,False,https://charme-du-vin.com/2025/01/37890/
미국,6,B,키슬러 피노 누아 러시안 리버 밸리,Kistler Pinot Noir Russian River Valley,Kistler,,750ml,118800,119126,0.0027,해외가,Kistler Russian River Valley Pinot Noir 2023,1.0,,,,USD,79.95,2026,높음,,False,https://charme-du-vin.com/2026/06/44031/
미국,46,B,브레드 앤 버터 메를로,Bread & Butter Merlot,Bread,,750ml,25740,25256,-0.0192,해외가,Bread & Butter Merlot 2023,1.0,,,,USD,16.95,2026,높음,,False,https://charme-du-vin.com/2026/03/42821/
스페인·포르투갈,71,B,라 리오하 알타 비냐 아르단사 레세르바,La Rioja Alta Viña Ardanza Reserva,Rioja,,750ml,57697,56605,-0.0193,해외가,La Rioja Alta Viña Ardanza Reserva 2015,1.0,,,,USD,37.99,2022,낮음,,False,https://charme-du-vin.com/2022/09/27494/
미국,15,B,오베르 イーストサイド 러시안 리버 밸리,Aubert イーストサイド Russian River Valley,Aubert,,750ml,267300,260750,-0.0251,해외가,Aubert Russian River Chardonnay 2024,1.0,,,,USD,175.0,2026,높음,,True,https://charme-du-vin.com/2026/06/43765/
이탈리아,52,B,로베르토 보에르치오 바롤로 델 코무네 디 라 모라,Roberto Voerzio Barolo del Comune di La Morra,Roberto,DOCG,750ml,153450,148985,-0.03,해외가,Roberto Voerzio Barolo del Comune di la Morra 2019,1.0,,,,USD,99.99,2025,높음,빈티지대체,False,https://charme-du-vin.com/2025/07/40371/
미국,2,B,더블 다이아몬드 소비뇽 블랑,Double Diamond Sauvignon Blanc,Double,,750ml,92070,89385,-0.03,해외가,Schrader Double Diamond Sauvignon Blanc 2024,1.0,,,,USD,59.99,2026,높음,,False,https://charme-du-vin.com/2026/07/44399/
미국,48,B,칼레라 젠슨,Calera Jensen,Calera,,750ml,153450,148985,-0.03,해외가,Calera Pinot Noir Jensen Vineyard 2020,1.0,,,,USD,99.99,2026,높음,,False,https://charme-du-vin.com/2026/03/42754/
스페인·포르투갈,69,B,소알례이로 ジェルミナール 로우레이루 VV,Soalheiro ジェルミナール Loureiro VV,Soalheiro,,750ml,24552,23766,-0.0331,해외가,Soalheiro Allo Alvarinho - Loureiro 2024,0.667,,,,USD,15.95,2022,낮음,빈티지대체,True,https://charme-du-vin.com/2022/09/27497/
미국,92,B,플라워스 샤르도네 소노마 코스트,Flowers Chardonnay Sonoma Coast,Flowers,,750ml,81180,78210,-0.038,해외가,Flowers Sonoma Coast Chardonnay 2023,1.0,,,,USD,52.49,2025,높음,,False,https://charme-du-vin.com/2025/07/40289/
스페인·포르투갈,11,B,라파엘 팔라시오스 아스 소르테스,Rafael Palacios As Sortes,Rafael,,750ml,123750,119185,-0.0383,해외가,Rafael Palacios As Sortes Val do Bibei Godello 2023,1.0,,,,USD,79.99,2025,높음,,False,https://charme-du-vin.com/2025/10/41208/
미국,32,B,옥시덴탈 프리스톤 옥시덴탈 피노 누아,Occidental Freestone Occidental Pinot Noir,Occidental,,750ml,118800,113225,-0.0492,해외가,Occidental Freestone-Occidental Pinot Noir 2023,1.0,,,,USD,75.99,2026,높음,,False,https://charme-du-vin.com/2026/04/43109/
스페인·포르투갈,15,B,초민 에차니스 차콜리 블랑코,Txomin Etxaniz Txakoli Blanco,Txomin,,750ml,29700,28295,-0.0497,해외가,Txomin Etxaniz Txakoli 2024,0.75,,,,USD,18.99,2025,높음,,False,https://charme-du-vin.com/2025/06/39704/
미국,91,B,셰이퍼 샤르도네 레드 숄더 랜치,Shafer Chardonnay Red Shoulder Ranch,Shafer,,750ml,108900,103704,-0.0501,해외가,Shafer Red Shoulder Ranch Chardonnay 2023,1.0,,,,USD,69.6,2025,높음,,False,https://charme-du-vin.com/2025/07/40289/
이탈리아,83,B,엘리오 알타레 랑게 로소 라 빌라,Elio Altare Langhe Rosso La Villa,Elio,DOC,750ml,118800,111661,-0.0639,해외가,Elio Altare Larigi Langhe Rosso 2021,0.8,,,,USD,74.94,2025,높음,,False,https://charme-du-vin.com/2025/01/37893/
이탈리아,84,B,엘리오 알타레 랑게 로소 ラルジ,Elio Altare Langhe Rosso ラルジ,Elio,DOC,750ml,118800,111661,-0.0639,해외가,Elio Altare Larigi Langhe Rosso 2021,1.0,,,,USD,74.94,2025,높음,,True,https://charme-du-vin.com/2025/01/37893/
미국,44,B,브레드 앤 버터 소비뇽 블랑,Bread & Butter Sauvignon Blanc,Bread,,750ml,25740,24123,-0.067,해외가,Bread & Butter Sauvignon Blanc 2024,1.0,,,,USD,16.19,2026,높음,,False,https://charme-du-vin.com/2026/03/42821/
이탈리아,6,B,아마 키안티 클라시코 그란 셀레치오네 ヴィニェートラ 비녜토 라 카수차,Ama Chianti Classico Gran Selezione ヴィニェートラ Vigneto La Casuccia,Ama,DOCG,750ml,287100,268185,-0.0705,해외가,Castello di Ama Vigneto La Casuccia Chianti Classico Gran Selezione 2015,1.0,,,,USD,179.99,2026,높음,,True,https://charme-du-vin.com/2026/07/44267/
이탈리아,21,B,자코모 콘테르노 네비올로 달바 비냐 아리오네,Giacomo Conterno Nebbiolo d'Alba Vigna Arione,Giacomo,DOC,750ml,257400,238325,-0.08,해외가,Giacomo Conterno Nebbiolo d'Alba Arione 2022,0.833,,,,USD,159.95,2026,높음,,False,https://charme-du-vin.com/2026/04/43201/
미국,137,B,키슬러 피노 누아 ラグーナリッジヴィニヤート,Kistler Pinot Noir ラグーナリッジヴィニヤート,Kistler,,750ml,245520,226480,-0.0841,해외가,Kistler Kistler Vineyard Pinot Noir 2003,1.0,,,,USD,152.0,2025,높음,빈티지대체,True,https://charme-du-vin.com/2025/01/37871/
미국,138,B,키슬러 피노 누아 キュヴェナタリーシルヴァーベルト,Kistler Pinot Noir キュヴェナタリーシルヴァーベルト,Kistler,,750ml,245520,226480,-0.0841,해외가,Kistler Kistler Vineyard Pinot Noir 2003,1.0,,,,USD,152.0,2025,높음,빈티지대체,True,https://charme-du-vin.com/2025/01/37871/
미국,135,B,오버추어,Overture,Overture,,750ml,316800,290535,-0.0904,해외가,Opus One Overture 2021,1.0,,,,USD,194.99,2025,높음,,False,https://charme-du-vin.com/2025/01/37996/
미국,10,B,키슬러 샤르도네 트렌턴 로드하우스,Kistler Chardonnay Trenton Roadhouse,Kistler,,750ml,227700,206231,-0.1041,해외가,Kistler Trenton Roadhouse Chardonnay 2023,1.0,,,,USD,138.41,2026,높음,,False,https://charme-du-vin.com/2026/06/44024/
스페인·포르투갈,31,B,클레멘스 부쉬 리슬링 마리엔부르크 ラフェ,Clemens Busch Riesling Marienburg ラフェ,Clemens,,750ml,123552,111661,-0.1065,해외가,Clemens Busch Marienburg GG Felsterrasse 2018,0.75,,,,USD,74.94,2024,보통,,True,https://charme-du-vin.com/2024/06/34933/
스페인·포르투갈,51,B,돌리베이라 마데이라 모스카텔 그라우두 1900,D'Oliveira Madeira Moscatel Graúdo 1900,D'Oliveira,,750ml,2162160,1936985,-0.1163,해외가,D'Oliveiras Reserva Moscatel Madeira,0.4,,,,USD,1299.99,2024,보통,,False,https://charme-du-vin.com/2024/01/32981/
미국,129,B,앤트힐 팜스 샤르도네 キャンベルランチ,Anthill Farms Chardonnay キャンベルランチ,Anthill,,750ml,75240,66961,-0.1236,해외가,Anthill Farms Campbell Ranch Vineyard Chardonnay 2022,1.0,,,,USD,44.94,2025,높음,,True,https://charme-du-vin.com/2025/02/38157/
미국,97,B,팔마이어 ジェイソン 소비뇽 블랑,Pahlmeyer ジェイソン Sauvignon Blanc,Pahlmeyer,,750ml,61380,53253,-0.1526,해외가,Pahlmeyer Jayson Sauvignon Blanc 2024,1.0,,,,USD,35.74,2025,높음,,True,https://charme-du-vin.com/2025/07/40188/
미국,42,B,팔마이어 ジェイソン 카베르네 소비뇽,Pahlmeyer ジェイソン Cabernet Sauvignon,Pahlmeyer,,750ml,143550,124042,-0.1573,해외가,Pahlmeyer Jayson The Bench Cabernet Sauvignon 2022,1.0,,,,USD,83.25,2026,높음,,True,https://charme-du-vin.com/2026/03/42868/
스페인·포르투갈,10,B,라파엘 팔라시오스 로우로,Rafael Palacios Louro,Rafael,,750ml,48510,41646,-0.1648,해외가,Rafael Palacios Louro Godello 2024,1.0,,,,USD,27.95,2025,높음,,False,https://charme-du-vin.com/2025/10/41208/
이탈리아,15,B,트룰리 ミレア 프리미티보 디 만두리아,Trulli ミレア Primitivo di Manduria,Trulli,DOCG,750ml,35640,29785,-0.1966,해외가,Masseria Borgo dei Trulli Primitivo di Manduria 2023,1.0,,,,USD,19.99,2026,높음,,True,https://charme-du-vin.com/2026/05/43542/
미국,88,B,덕혼 카베르네 소비뇽,Duckhorn Cabernet Sauvignon,Duckhorn,,750ml,75240,62565,-0.2026,해외가,Duckhorn Napa Valley Cabernet Sauvignon 2022,1.0,,,,USD,41.99,2025,높음,,False,https://charme-du-vin.com/2025/08/40483/
미국,30,B,초크 힐 샤르도네 소노마 코스트,Chalk Hill Chardonnay Sonoma Coast,Chalk,,750ml,36630,29800,-0.2292,해외가,Chalk Hill Sonoma Coast Chardonnay 2024,1.0,,,,USD,20.0,2026,높음,,False,https://charme-du-vin.com/2026/04/43294/
미국,73,B,콩스가드 샤르도네,Kongsgaard Chardonnay,Kongsgaard,,750ml,257400,208525,-0.2344,해외가,Kongsgaard Chardonnay 2023,1.0,,,,USD,139.95,2025,높음,,False,https://charme-du-vin.com/2025/10/41160/
미국,66,B,찰스 스미스 リアルワイン 샤르도네,Charles Smith リアルワイン Chardonnay,Charles,,750ml,25740,20830,-0.2357,해외가,Charles Smith Real Wine Chardonnay 2022,1.0,119000,119000,2023-12-01,USD,13.98,2025,높음,,True,https://charme-du-vin.com/2025/11/41376/
미국,84,B,실버 오크 カベルネアレキサンダーヴァレー,Silver Oak カベルネアレキサンダーヴァレー,Silver,,750ml,138600,108755,-0.2744,해외가,Silver Oak Alexander Valley Cabernet Sauvignon 2020,1.0,,,,USD,72.99,2025,높음,,True,https://charme-du-vin.com/2025/09/40780/
스페인·포르투갈,61,B,토레스 비냐 에스메랄다 フロールドランジュ,Torres Viña Esmeralda フロールドランジュ,Torres,,750ml,19859,15466,-0.284,해외가,Familia Torres Viña Esmeralda 2023,1.0,,,,USD,10.38,2023,보통,빈티지대체,True,https://charme-du-vin.com/2023/08/31362/
미국,21,B,키슬러 샤르도네 ヴァンヒルヴィニヤード,Kistler Chardonnay ヴァンヒルヴィニヤード,Kistler,,750ml,227700,177310,-0.2842,해외가,Kistler Chardonnay 2022,1.0,,,,USD,119.0,2026,높음,,True,https://charme-du-vin.com/2026/05/43509/
미국,113,B,셰이퍼 カベルネワンポイントファイヴ,Shafer カベルネワンポイントファイヴ,Shafer,,750ml,173250,134026,-0.2927,해외가,Shafer Relentless 2022,1.0,,,,USD,89.95,2025,높음,,True,https://charme-du-vin.com/2025/06/39552/
미국,41,B,팔마이어 ジェイソン 샤르도네,Pahlmeyer ジェイソン Chardonnay,Pahlmeyer,,750ml,97020,73740,-0.3157,해외가,Pahlmeyer Jayson Chardonnay 2023,1.0,,,,USD,49.49,2026,높음,,True,https://charme-du-vin.com/2026/03/42868/
미국,45,B,브레드 앤 버터 샤르도네,Bread & Butter Chardonnay,Bread,,750ml,25740,19355,-0.3299,해외가,Bread & Butter Chardonnay 2024,1.0,,,,USD,12.99,2026,높음,,False,https://charme-du-vin.com/2026/03/42821/
스페인·포르투갈,82,B,후안 힐 18メセス,Juan Gil 18メセス,Juan,,750ml,43758,32765,-0.3355,해외가,Juan Gil Red Blend 2018,0.667,,,,USD,21.99,2021,낮음,,True,https://charme-du-vin.com/2021/12/24920/
미국,8,B,키슬러 샤르도네 ヴァンヒルヴィニヤード,Kistler Chardonnay ヴァンヒルヴィニヤード,Kistler,,750ml,227700,163900,-0.3893,해외가,Kistler Chardonnay 2023,1.0,,,,USD,110.0,2026,높음,,True,https://charme-du-vin.com/2026/06/44028/
미국,28,B,키슬러 샤르도네 マックレアヴィニヤード,Kistler Chardonnay マックレアヴィニヤード,Kistler,,750ml,227700,163900,-0.3893,해외가,Kistler Chardonnay 2023,1.0,,,,USD,110.0,2026,높음,,True,https://charme-du-vin.com/2026/04/43297/
스페인·포르투갈,22,B,후안 힐 메세스,Juan Gil meses,Juan,,750ml,46332,32765,-0.4141,해외가,Juan Gil Red Blend 2018,0.667,,,,USD,21.99,2024,보통,,False,https://charme-du-vin.com/2024/12/37484/
미국,37,B,허드슨 샤르도네 シーシェル,Hudson Chardonnay シーシェル,Hudson,,750ml,153450,107265,-0.4306,해외가,Hudson Chardonnay 2023,1.0,,,,USD,71.99,2026,높음,,True,https://charme-du-vin.com/2026/03/42880/
미국,39,B,허드슨 샤르도네 リトルビット,Hudson Chardonnay リトルビット,Hudson,,750ml,153450,107265,-0.4306,해외가,Hudson Chardonnay 2023,1.0,,,,USD,71.99,2026,높음,,True,https://charme-du-vin.com/2026/03/42875/
미국,40,B,허드슨 샤르도네 レディーバグ,Hudson Chardonnay レディーバグ,Hudson,,750ml,153450,107265,-0.4306,해외가,Hudson Chardonnay 2023,1.0,,,,USD,71.99,2026,높음,,True,https://charme-du-vin.com/2026/03/42875/
스페인·포르투갈,50,B,돌리베이라 마데이라 모스카텔 그라우두 1875,D'Oliveira Madeira Moscatel Graúdo 1875,D'Oliveira,,750ml,2779920,1936985,-0.4352,해외가,D'Oliveiras Reserva Moscatel Madeira,0.4,,,,USD,1299.99,2024,보통,,False,https://charme-du-vin.com/2024/01/32981/
미국,121,B,피터 마이클 레 パヴォ,Peter Michael Les パヴォ,Peter,,750ml,386100,268185,-0.4397,해외가,Peter Michael Les Pavots 2019,1.0,,,,USD,179.99,2025,높음,,True,https://charme-du-vin.com/2025/05/39233/
미국,31,B,초크 힐 에스테이트 샤르도네,Chalk Hill Estate Chardonnay,Chalk,,750ml,73260,49155,-0.4904,해외가,Chalk Hill Chalk Hill Estate Chardonnay 2023,1.0,,,,USD,32.99,2026,높음,,False,https://charme-du-vin.com/2026/04/43294/
미국,110,B,클로 뒤 발 イエッタリル,Clos du Val イエッタリル,Clos,,750ml,346500,216035,-0.6039,해외가,Clos du Val Yettalil 2019,1.0,,,,USD,144.99,2025,높음,,True,https://charme-du-vin.com/2025/06/39555/
미국,68,B,도멘 세레네 샤르도네 コートサッド,Domaine Serene Chardonnay コートサッド,Domaine,,750ml,168300,104285,-0.6138,해외가,Domaine Serene Evenstad Reserve Chardonnay 2022,1.0,,,,USD,69.99,2025,높음,,True,https://charme-du-vin.com/2025/11/41372/
미국,67,B,도멘 세레네 피노 누아 アスペクト,Domaine Serene Pinot Noir アスペクト,Domaine,,750ml,217800,134026,-0.6251,해외가,Domaine Serene Evenstad Reserve Pinot Noir 2022,1.0,,,,USD,89.95,2025,높음,,True,https://charme-du-vin.com/2025/11/41372/
미국,16,B,오베르 UVーSL 소노마 코스트 샤르도네,Aubert UVーSL Sonoma Coast Chardonnay,Aubert,,750ml,267300,163900,-0.6309,해외가,Aubert Sonoma Coast Chardonnay 2015,0.5,,,,USD,110.0,2026,높음,빈티지대체,True,https://charme-du-vin.com/2026/06/43765/
미국,114,B,오베르 パワーホース 소노마 코스트 샤르도네,Aubert パワーホース Sonoma Coast Chardonnay,Aubert,,750ml,287100,171350,-0.6755,해외가,Aubert Sonoma Coast Chardonnay 2023,1.0,,,,USD,115.0,2025,높음,,True,https://charme-du-vin.com/2025/05/39423/
미국,17,B,오베르 パウダーハウス 소노마 코스트 샤르도네,Aubert パウダーハウス Sonoma Coast Chardonnay,Aubert,,750ml,292050,163900,-0.7819,해외가,Aubert Sonoma Coast Chardonnay 2015,1.0,,,,USD,110.0,2026,높음,빈티지대체,True,https://charme-du-vin.com/2026/06/43765/
미국,26,B,오베르 카네로스 샤르도네 ラリーハイド&ソン,Aubert Carneros Chardonnay ラリーハイド&ソン,Aubert,,750ml,306900,171350,-0.7911,해외가,Aubert Carneros Chardonnay 2015,1.0,,,,USD,115.0,2026,높음,빈티지대체,True,https://charme-du-vin.com/2026/05/43486/
이탈리아,62,B,마세토,Masseto,Masseto,,750ml,1089000,558750,-0.949,해외가,Masseto Massetino 2021,1.0,,,,USD,375.0,2025,높음,,False,https://charme-du-vin.com/2025/06/39779/
이탈리아,1,D,판티니 칼라렌타 페코리노,Fantini Calalenta Pecorino,Fantini,,750ml,21780,,,없음,,,,,,,,2026,높음,,False,https://charme-du-vin.com/2026/07/44390/
이탈리아,3,D,프레스코발디 브루넬로 디 몬탈치노 카스텔조콘도,Frescobaldi Brunello di Montalcino CastelGiocondo,Frescobaldi,DOCG,750ml,77220,,,없음,,,,,,,,2026,높음,,False,https://charme-du-vin.com/2026/07/44313/
이탈리아,40,D,ジオバッファ 피노 그리조 비올로지코,ジオバッファ Pinot Grigio Biologico,ジオバッファ,,750ml,12870,,,없음,,,,,,,,2025,높음,,True,https://charme-du-vin.com/2025/12/41989/
이탈리아,41,D,ジオバッファ 토스카나 로소 비올로지코,ジオバッファ Toscana Rosso Biologico,ジオバッファ,IGT,750ml,12870,,,없음,,,,,,,,2025,높음,,True,https://charme-du-vin.com/2025/12/41989/
이탈리아,51,D,로베르토 보에르치오 네비올로 디 산 프란체스코,Roberto Voerzio Nebbiolo di San Francesco,Roberto,,750ml,46530,,,없음,,,,,,,,2025,높음,,False,https://charme-du-vin.com/2025/07/40371/
이탈리아,72,D,マコン 드 비안코,マコン de Bianco,マコン,,750ml,188100,,,없음,,,,,,,,2025,높음,,True,https://charme-du-vin.com/2025/04/39080/
이탈리아,74,D,테르체토 바르바레스코,Terzetto Barbaresco,Terzetto,DOCG,750ml,18810,,,없음,,,,,,,,2025,높음,,False,https://charme-du-vin.com/2025/03/38825/
이탈리아,75,D,자로네 샤르도네 베르텔리,Giarone Chardonnay Bertelli,Giarone,,750ml,148500,,,없음,,,,,,,,2025,높음,,False,https://charme-du-vin.com/2025/03/38595/
이탈리아,82,D,산 마르차노 콜레치오네 친콴타 블랙 +1,San Marzano Collezione Cinquanta Black +1,Marzano,,750ml,29700,,,없음,,,,,,,,2025,높음,,False,https://charme-du-vin.com/2025/01/37930/
이탈리아,88,D,제오그라피코 ボルゴアラテッラ 고베르노 알루조,Geografico ボルゴアラテッラ Governo all'Uso Toscano,Geografico,IGT,750ml,15840,,,없음,,,,,,,,2025,높음,,True,https://charme-du-vin.com/2025/01/37730/
이탈리아,89,D,제오그라피코 フェランテ レッジェーロ 아파시멘토,Geografico フェランテ レッジェーロ Appassimento,Geografico,,750ml,16830,,,없음,,,,,,,,2025,높음,,True,https://charme-du-vin.com/2025/01/37730/
스페인·포르투갈,6,D,サティス デイ 프리미엄 시라 가르나차,サティス デイ Premium Syrah Garnacha,サティス,,750ml,15840,,,없음,,,,,,,,2026,높음,,True,https://charme-du-vin.com/2026/04/43041/
스페인·포르투갈,7,D,サティス デイ 프리미엄 소비뇽 블랑,サティス デイ Premium Sauvignon Blanc,サティス,,750ml,12870,,,없음,,,,,,,,2026,높음,,True,https://charme-du-vin.com/2026/04/43041/
스페인·포르투갈,8,D,ヴァル 데 ガリル 고델료,ヴァル de ガリル Godello,ヴァル,,750ml,17820,,,없음,,,,,,,,2026,높음,,True,https://charme-du-vin.com/2026/03/42818/
스페인·포르투갈,13,D,카스티요 デメディナ 페르멘타도 エン 바리카,Castillo デメディナ Fermentado エン Barrica,デメディナ,,750ml,25740,,,없음,,,,,,,,2025,높음,,True,https://charme-du-vin.com/2025/07/40144/
스페인·포르투갈,14,D,PSI 리베라 델 두에로,PSI Ribera del Duero,PSI,,750ml,38610,,,없음,,,,,,,,2025,높음,,False,https://charme-du-vin.com/2025/06/39999/
스페인·포르투갈,17,D,아시엔다 엘 エスピノ 1707 시라 알만사,Hacienda El エスピノ 1707 Syrah Almansa,エスピノ,,750ml,12870,,,없음,,,,,,,,2025,높음,,True,https://charme-du-vin.com/2025/05/39438/
스페인·포르투갈,20,D,후안 힐 콰트로 메세스,Juan Gil cuatro meses,Juan,,750ml,17820,,,없음,,,,,,,,2025,높음,,False,https://charme-du-vin.com/2025/02/38319/
스페인·포르투갈,24,D,カルチェロ シエント80,カルチェロ シエント80,カルチェロ,,750ml,21622,,,없음,,,,,,,,2024,보통,,True,https://charme-du-vin.com/2024/11/36741/
스페인·포르투갈,26,D,ウカン センデロ 데 ウカン,ウカン センデロ de ウカン,ウカン,,750ml,46332,,,없음,,,,,,,,2024,보통,,True,https://charme-du-vin.com/2024/10/36209/
스페인·포르투갈,27,D,ペペルイ 리아스 바이샤스,ペペルイ Rías Baixas,ペペルイ,,750ml,77220,,,없음,,,,,,,,2024,보통,,True,https://charme-du-vin.com/2024/10/36209/
스페인·포르투갈,30,D,쿠네 모노폴레 블랑코 세코,CVNE Monopole Blanco Seco,CVNE,,750ml,30888,,,없음,,,,,,,,2024,보통,,False,https://charme-du-vin.com/2024/07/35473/
스페인·포르투갈,33,D,クランプ 그라우부르군더,クランプ Grauburgunder,クランプ,,750ml,27799,,,없음,,,,,,,,2024,보통,,True,https://charme-du-vin.com/2024/06/34883/
스페인·포르투갈,34,D,クランプ 바이스부르군더,クランプ Weissburgunder,クランプ,,750ml,26770,,,없음,,,,,,,,2024,보통,,True,https://charme-du-vin.com/2024/06/34883/
스페인·포르투갈,35,D,クランプ 옥세루아,クランプ Auxerrois,クランプ,,750ml,27799,,,없음,,,,,,,,2024,보통,,True,https://charme-du-vin.com/2024/06/34883/
스페인·포르투갈,36,D,갈레르나 카베르네 소비뇽,Galerna Cabernet Sauvignon,Galerna,,750ml,9781,,,없음,,,,,,,,2024,보통,,False,https://charme-du-vin.com/2024/06/34747/
스페인·포르투갈,40,D,후안 힐 콰트로 메세스,Juan Gil cuatro meses,Juan,,750ml,18533,,,없음,,,,,,,,2024,보통,,False,https://charme-du-vin.com/2024/03/33594/
스페인·포르투갈,43,D,알람브르 마데이라 모스카텔 세투발 20년,Alambre Madeira Moscatel Setúbal 20 Year Old,Alambre,,750ml,70013,,,없음,,,,,,,,2024,보통,,False,https://charme-du-vin.com/2024/01/32989/
스페인·포르투갈,44,D,レオナルド 포트 30년,レオナルド Port 30 Year Old,レオナルド,,750ml,82368,,,없음,,,,,,,,2024,보통,,True,https://charme-du-vin.com/2024/01/32987/
스페인·포르투갈,57,D,ショーンレバーブブルムレイン 라인가우 리슬링 트로켄,ショーンレバーブブルムレイン Rheingau Riesling Trocken,ショーンレバーブブルムレイン,,750ml,20592,,,없음,,,,,,,,2024,보통,,True,https://charme-du-vin.com/2024/01/32950/
스페인·포르투갈,58,D,ガントラム 도른펠더 트로켄,ガントラム Dornfelder Trocken,ガントラム,,750ml,14414,,,없음,,,,,,,,2024,보통,,True,https://charme-du-vin.com/2024/01/32948/
스페인·포르투갈,72,D,Ψ Psi 리베라 델 두에로,Ψ Psi Ribera del Duero,Ψ,,750ml,41738,,,없음,,,,,,,,2022,낮음,,False,https://charme-du-vin.com/2022/08/27031/
스페인·포르투갈,73,D,엘 ヴィンクロ 크리안사,El ヴィンクロ Crianza,ヴィンクロ,,750ml,20869,,,없음,,,,,,,,2022,낮음,,True,https://charme-du-vin.com/2022/06/26625/
스페인·포르투갈,76,D,ヴァルダヤ 리베라 델 두에로,ヴァルダヤ Ribera del Duero,ヴァルダヤ,,750ml,63835,,,없음,,,,,,,,2022,낮음,,True,https://charme-du-vin.com/2022/04/25786/
스페인·포르투갈,79,D,마스 델 セラル,Mas del セラル,セラル,,1500ml,196416,,,없음,,,,,,,,2022,낮음,"실제병가:316,800원",True,https://charme-du-vin.com/2022/03/25508/
스페인·포르투갈,80,D,ヴェレタ 데 ソラーノ 템프라니요,ヴェレタ de ソラーノ Tempranillo,ヴェレタ,,750ml,9821,,,없음,,,,,,,,2022,낮음,,True,https://charme-du-vin.com/2022/03/25499/
스페인·포르투갈,84,D,マー セルヴェラ 카베르네 소비뇽,マー セルヴェラ Cabernet Sauvignon,マー,,750ml,16731,,,없음,,,,,,,,2021,낮음,,True,https://charme-du-vin.com/2021/11/24338/
스페인·포르투갈,85,D,マー セルヴェラ 시라,マー セルヴェラ Syrah,マー,,750ml,16731,,,없음,,,,,,,,2021,낮음,,True,https://charme-du-vin.com/2021/11/24338/
스페인·포르투갈,89,D,베이라 피노 누아,Beira Pinot Noir,Beira,,750ml,38610,,,없음,,,,,,,,2021,낮음,,False,https://charme-du-vin.com/2021/09/23676/
미국,13,D,더 ヴァイス 더 저지먼트 카베르네 소비뇽,The ヴァイス The Judgement Cabernet Sauvignon,ヴァイス,,750ml,128700,,,없음,,,,,,,,2026,높음,,True,https://charme-du-vin.com/2026/06/43850/
미국,20,D,콩스가드 キングスファーム 나파 밸리 블랑,Kongsgaard キングスファーム Napa Valley Blanc,Kongsgaard,,750ml,118800,,,없음,,,,,,,,2026,높음,,True,https://charme-du-vin.com/2026/05/43521/
미국,22,D,키슬러 샤르도네 ストックランチ 소노마 코스트,Kistler Chardonnay ストックランチ Sonoma Coast,Kistler,,750ml,227700,,,없음,,,,,,,,2026,높음,,True,https://charme-du-vin.com/2026/05/43509/
미국,23,D,캘리포니아 プレス 샤르도네,California プレス Chardonnay,プレス,,750ml,14850,,,없음,,,,,,,,2026,높음,,True,https://charme-du-vin.com/2026/05/43506/
미국,24,D,캘리포니아 プレス 피노 누아,California プレス Pinot Noir,プレス,,750ml,14850,,,없음,,,,,,,,2026,높음,,True,https://charme-du-vin.com/2026/05/43506/
미국,25,D,캘리포니아 プレス 레드 블렌드,California プレス Red Blend,プレス,,750ml,14850,,,없음,,,,,,,,2026,높음,,True,https://charme-du-vin.com/2026/05/43506/
미국,33,D,ヴァソ 카베르네 소비뇽 나파,ヴァソ Cabernet Sauvignon Napa,ヴァソ,,750ml,128700,,,없음,,,,,,,,2026,높음,,True,https://charme-du-vin.com/2026/04/43109/
미국,34,D,シン クワ ノン ディステンタ V 시라,シン クワ ノン ディステンタ V Syrah,シン,,750ml,544500,,,없음,,,,,,,,2026,높음,,True,https://charme-du-vin.com/2026/04/43106/
미국,35,D,シン クワ ノン ディステンタ V 그르나슈,シン クワ ノン ディステンタ V Grenache,シン,,750ml,544500,,,없음,,,,,,,,2026,높음,,True,https://charme-du-vin.com/2026/04/43106/
미국,36,D,더 ヴァイス 피노 누아,The ヴァイス Pinot Noir,ヴァイス,,750ml,44550,,,없음,,,,,,,,2026,높음,,True,https://charme-du-vin.com/2026/03/42894/
미국,53,D,カモミ 소비뇽 블랑,カモミ Sauvignon Blanc,カモミ,,750ml,20790,,,없음,,,,,,,,2026,높음,,True,https://charme-du-vin.com/2026/02/42465/
미국,71,D,ロングバーン 카베르네 소비뇽,ロングバーン Cabernet Sauvignon,ロングバーン,,750ml,15840,,,없음,,,,,,,,2025,높음,,True,https://charme-du-vin.com/2025/10/41234/
미국,72,D,ロングバーン 샤르도네,ロングバーン Chardonnay,ロングバーン,,750ml,15840,,,없음,,,,,,,,2025,높음,,True,https://charme-du-vin.com/2025/10/41234/
미국,76,D,フォアマン 카베르네 소비뇽,フォアマン Cabernet Sauvignon,フォアマン,,750ml,108900,,,없음,,,,,,,,2025,높음,,True,https://charme-du-vin.com/2025/10/41060/
미국,77,D,フォアマン 카베르네 소비뇽,フォアマン Cabernet Sauvignon,フォアマン,,750ml,113850,,,없음,,,,,,,,2025,높음,,True,https://charme-du-vin.com/2025/10/41060/
미국,78,D,フォアマン 카베르네 소비뇽,フォアマン Cabernet Sauvignon,フォアマン,,750ml,128700,,,없음,,,,,,,,2025,높음,,True,https://charme-du-vin.com/2025/10/41060/
미국,82,D,ヘッドハイ 샤르도네 소노마,ヘッドハイ Chardonnay Sonoma,ヘッドハイ,,750ml,19800,,,없음,,,,,,,,2025,높음,,True,https://charme-du-vin.com/2025/09/40926/
미국,83,D,ヘッドハイ 피노 누아 소노마,ヘッドハイ Pinot Noir Sonoma,ヘッドハイ,,750ml,21780,,,없음,,,,,,,,2025,높음,,True,https://charme-du-vin.com/2025/09/40926/
미국,85,D,더 ヴァイス 카베르네 소비뇽 コヨーテルーザー,The ヴァイス Cabernet Sauvignon コヨーテルーザー,ヴァイス,,750ml,108900,,,없음,,,,,,,,2025,높음,,True,https://charme-du-vin.com/2025/09/40663/
미국,86,D,더 ヴァイス 샤르도네,The ヴァイス Chardonnay,ヴァイス,,750ml,49500,,,없음,,,,,,,,2025,높음,,True,https://charme-du-vin.com/2025/09/40663/
미국,90,D,ウィンドストーム 진판델 올드 바인,ウィンドストーム Zinfandel Old Vine,ウィンドストーム,,750ml,11880,,,없음,,,,,,,,2025,높음,,True,https://charme-du-vin.com/2025/07/40386/
미국,93,D,ダナ 에스테이츠 ヴァソ 카베르네 소비뇽 나파,ダナ Estates ヴァソ Cabernet Sauvignon Napa,ダナ,,750ml,128700,,,없음,,,,,,,,2025,높음,,True,https://charme-du-vin.com/2025/07/40254/
미국,104,D,애듈레이션 나파 밸리 카베르네 소비뇽,Adulation Napa Valley Cabernet Sauvignon,Adulation,,750ml,48510,,,없음,,,,,,,,2025,높음,,False,https://charme-du-vin.com/2025/06/39821/
미국,105,D,더 ヴァイス 카베르네 소비뇽 오크 놀 디스트릭트,The ヴァイス Cabernet Sauvignon Oak Knoll District,ヴァイス,,750ml,72270,,,없음,,,,,,,,2025,높음,,True,https://charme-du-vin.com/2025/06/39821/
미국,106,D,トゥエンティロウズ 리저브 카베르네 소비뇽 나파,トゥエンティロウズ Reserve Cabernet Sauvignon Napa,トゥエンティロウズ,,750ml,34650,,,없음,,,,,,,,2025,높음,,True,https://charme-du-vin.com/2025/06/39707/
미국,107,D,ムルソー シャルム 22,ムルソー シャルム 22,ムルソー,,750ml,495000,,,없음,,,,,,,,2025,높음,,True,https://charme-du-vin.com/2025/06/39665/
미국,108,D,フレヤ ヘルマン 퀴베 샤르도네 22 오리건,フレヤ ヘルマン Cuvée Chardonnay 22 Oregon,フレヤ,,750ml,386100,,,없음,,,,,,,,2025,높음,,True,https://charme-du-vin.com/2025/06/39662/
미국,109,D,リチャード ヘルマン 퀴베 샤르도네 22 오리건,リチャード ヘルマン Cuvée Chardonnay 22 Oregon,リチャード,,750ml,356400,,,없음,,,,,,,,2025,높음,,True,https://charme-du-vin.com/2025/06/39662/
미국,111,D,サブミッション 피노 누아,サブミッション Pinot Noir,サブミッション,,750ml,20790,,,없음,,,,,,,,2025,높음,,True,https://charme-du-vin.com/2025/06/39555/
미국,119,D,カーディナル 나파 카베르네 소비뇽,カーディナル Napa Cabernet Sauvignon,カーディナル,,750ml,287100,,,없음,,,,,,,,2025,높음,,True,https://charme-du-vin.com/2025/05/39382/
미국,120,D,イオス 카베르네 소비뇽,イオス Cabernet Sauvignon,イオス,,750ml,14355,,,없음,,,,,,,,2025,높음,,True,https://charme-du-vin.com/2025/05/39274/
미국,122,D,와이 바이 요시키 오크빌 카베르네 소비뇽,Y by Yoshiki Oakville Cabernet Sauvignon,Y,,750ml,326700,,,없음,,,,,,,,2025,높음,,False,https://charme-du-vin.com/2025/05/39233/
미국,123,D,エレメンタル 피노 누아,エレメンタル Pinot Noir,エレメンタル,,750ml,30690,,,없음,,,,,,,,2025,높음,,True,https://charme-du-vin.com/2025/04/39077/
미국,124,D,エレメンタル 샤르도네,エレメンタル Chardonnay,エレメンタル,,750ml,30690,,,없음,,,,,,,,2025,높음,,True,https://charme-du-vin.com/2025/04/39077/
미국,126,D,オークリッジ アンセントヴァン 진판델,オークリッジ アンセントヴァン Zinfandel,オークリッジ,,750ml,34650,,,없음,,,,,,,,2025,높음,,True,https://charme-du-vin.com/2025/04/38988/
미국,128,D,ナパグレン 카베르네 소비뇽,ナパグレン Cabernet Sauvignon,ナパグレン,,750ml,34650,,,없음,,,,,,,,2025,높음,,True,https://charme-du-vin.com/2025/03/38551/
미국,132,D,ダブルゼロワインズ VGW 샤르도네,ダブルゼロワインズ VGW Chardonnay,ダブルゼロワインズ,,750ml,138600,,,없음,,,,,,,,2025,높음,,True,https://charme-du-vin.com/2025/02/38049/
미국,133,D,ダブルゼロワインズ EGW 샤르도네,ダブルゼロワインズ EGW Chardonnay,ダブルゼロワインズ,,750ml,207900,,,없음,,,,,,,,2025,높음,,True,https://charme-du-vin.com/2025/02/38049/
미국,134,D,ダブルゼロワインズ セヴン スプリングス 샤르도네,ダブルゼロワインズ セヴン スプリングス Chardonnay,ダブルゼロワインズ,,750ml,227700,,,없음,,,,,,,,2025,높음,,True,https://charme-du-vin.com/2025/02/38049/
미국,136,D,アカイボ トリニテエステート,アカイボ トリニテエステート,アカイボ,,750ml,88110,,,없음,,,,,,,,2025,높음,,True,https://charme-du-vin.com/2025/01/37996/
미국,139,D,フォリジャー 피노 누아 소노마 코스트,フォリジャー Pinot Noir Sonoma Coast,フォリジャー,,750ml,37620,,,없음,,,,,,,,2025,높음,,True,https://charme-du-vin.com/2025/01/37843/
미국,142,D,더 ヴァイス 카베르네 소비뇽 오크 놀,The ヴァイス Cabernet Sauvignon Oak Knoll,ヴァイス,,750ml,75240,,,없음,,,,,,,,2025,높음,,True,https://charme-du-vin.com/2025/01/37837/
미국,143,D,레콜 NO41 ファーガソン,L'Ecole NO41 ファーガソン,L'Ecole,,750ml,97020,,,없음,,,,,,,,2025,높음,,True,https://charme-du-vin.com/2025/01/37826/
