카테고리,id,등급,상품명_한글,원어명,생산자_원어,분류,용량,현지가_원화,기준가_원화,할인율,판정근거,매칭된_와인명,일치율,국내가_최저,국내가_중앙,국내가_최신등록일,해외_원통화,해외_원가격,게시연도,신뢰도,상태,미변환여부,샴드뱅링크,빈티지,빈티지검증
미국,117,A,퀸테사 2016,Quintessa 2016,Quintessa,,750ml,168300,812050,0.7927,해외가,Quintessa Rutherford 2016,1.0,,,,USD,545.0,2025,높음,,False,https://charme-du-vin.com/2025/05/39385/,2016,일치
이탈리아,19,A,자코모 콘테르노 바롤로 리제르바 몬포르티노,Giacomo Conterno Barolo Riserva Monfortino,Giacomo,DOCG,750ml,1188000,5362510,0.7785,해외가,Giacomo Conterno Barolo Riserva Monfortino 1999,1.0,,,,USD,3599.0,2026,높음,,False,https://charme-du-vin.com/2026/04/43201/,표기없음,원문빈티지없음
이탈리아,54,A,아마 산 로렌초 키안티 클라시코 그란 셀레치오네 2019,Ama San Lorenzo Chianti Classico Gran Selezione 2019,Ama,DOCG,750ml,57420,245775,0.7664,해외가,Castello di Ama Chianti Classico Vigneto Gran Selezione San Lorenzo 2019,1.0,,,,USD,164.95,2025,높음,,False,https://charme-du-vin.com/2025/07/40368/,2019,일치
스페인·포르투갈,66,B,핑구스 2017,Pingus 2017,Pingus,,750ml,1055736,4364210,0.7581,해외가,Dominio de Pingus Pingus 2005,1.0,,,,USD,2929.0,2022,낮음,빈티지대체,False,https://charme-du-vin.com/2022/12/28439/,2017,빈티지불일치
미국,130,A,조셉 펠프스 인시그니아 2014,Joseph Phelps Insignia 2014,Joseph,,1.5L,257400,981910,0.7379,해외가,Joseph Phelps Vineyards Insignia 2014,1.0,,,,USD,659.0,2025,높음,"실제병가:514,800원",False,https://charme-du-vin.com/2025/02/38051/,2014,일치
미국,98,A,홀 카베르네 소비뇽 2019,Hall Cabernet Sauvignon 2019,Hall,,750ml,82170,296510,0.7229,해외가,Hall Kathryn Hall Cabernet Sauvignon 2019,1.0,,,,USD,199.0,2025,높음,,False,https://charme-du-vin.com/2025/07/40032/,2019,일치
스페인·포르투갈,75,A,발렌시소 리오하 레세르바 2014,Valenciso Rioja Reserva 2014,Valenciso,,750ml,38056,131403,0.7104,해외가,VALENCISO Rioja Reserva 10 Años Después Edición Limitada 2014,1.0,,,,USD,88.19,2022,낮음,,False,https://charme-du-vin.com/2022/06/26507/,2014,일치
미국,118,A,퀸테사 2017,Quintessa 2017,Quintessa,,750ml,158400,521485,0.6963,해외가,Quintessa Rutherford 2017,1.0,,,,USD,349.99,2025,높음,,False,https://charme-du-vin.com/2025/05/39385/,2017,일치
이탈리아,73,B,테르체토 가비 2022,Terzetto Gavi 2022,Terzetto,DOC,750ml,10890,35686,0.6948,해외가,Terzetto Gavi 2025,1.0,,,,USD,23.95,2025,높음,빈티지대체,False,https://charme-du-vin.com/2025/03/38825/,2022,빈티지불일치
미국,131,A,조셉 펠프스 인시그니아 2015,Joseph Phelps Insignia 2015,Joseph,,1.5L,267300,852280,0.6864,해외가,Joseph Phelps Vineyards Insignia 2015,1.0,,,,USD,572.0,2025,높음,"실제병가:534,600원",False,https://charme-du-vin.com/2025/02/38051/,2015,일치
스페인·포르투갈,83,B,플로르 데 핑구스 2018,Flor de Pingus 2018,Flor,,750ml,128700,402285,0.6801,해외가,Dominio de Pingus Flor de Pingus 2022,1.0,,,,USD,269.99,2021,낮음,빈티지대체,False,https://charme-du-vin.com/2021/12/24869/,2018,빈티지불일치
이탈리아,32,A,페트롤로 토리오네 2021,Petrolo Torrione 2021,Petrolo,,750ml,22770,64055,0.6445,해외가,Petrolo Toscana Torrione 2021,1.0,,,,USD,42.99,2026,높음,,False,https://charme-du-vin.com/2026/01/42404/,2021,일치
미국,50,B,칼레라 밀스 2021,Calera Mills 2021,Calera,,750ml,98010,275650,0.6444,해외가,Calera Pinot Noir Mills Vineyard 2000,1.0,,,,USD,185.0,2026,높음,빈티지대체,False,https://charme-du-vin.com/2026/03/42749/,2021,빈티지불일치
스페인·포르투갈,63,B,엘 푼티도 2018,El Puntido 2018,Puntido,,750ml,54905,153828,0.6431,해외가,Viñedos de Páganos El Puntido 2006,1.0,,,,USD,103.24,2023,보통,빈티지대체,False,https://charme-du-vin.com/2023/05/30335/,2018,빈티지불일치
스페인·포르투갈,2,A,핑구스 2021,Pingus 2021,Pingus,,750ml,1287000,3415080,0.6231,해외가,Dominio de Pingus Pingus 2021,1.0,,,,USD,2292.0,2026,높음,,False,https://charme-du-vin.com/2026/04/43189/,2021,일치
스페인·포르투갈,12,A,핑구스 ‘ 2021,Pingus ‘ 2021,Pingus,,750ml,1287000,3415080,0.6231,해외가,Dominio de Pingus Pingus 2021,1.0,,,,USD,2292.0,2025,높음,,False,https://charme-du-vin.com/2025/09/40721/,2021,일치
스페인·포르투갈,88,A,누만시아 테르메스 2017,Numanthia Termes 2017,Numanthia,,750ml,30888,81935,0.623,해외가,Bodega Numanthia Termes 2017,1.0,,,,USD,54.99,2021,낮음,,False,https://charme-du-vin.com/2021/09/23817/,2017,일치
스페인·포르투갈,9,A,알바리뇨 데 페피냐네스 2022,Albariño de Fefiñanes 2022,Albariño,,750ml,37620,96835,0.6115,해외가,Fefiñanes Albariño de Fefiñanes III Año 2022,1.0,,,,USD,64.99,2025,높음,,False,https://charme-du-vin.com/2025/12/41832/,2022,일치
이탈리아,31,A,페트롤로 보지나 비안코 B 2021,Petrolo Boggina Bianco B 2021,Petrolo,,750ml,43560,111735,0.6101,해외가,Petrolo Boggina B Bianco 2021,1.0,,,,USD,74.99,2026,높음,,False,https://charme-du-vin.com/2026/01/42407/,2021,일치
스페인·포르투갈,67,A,로페스 데 에레디아 비냐 톤도니아 레세르바 2009,López de Heredia Viña Tondonia Reserva 2009,López,,750ml,76111,193685,0.607,해외가,R. López de Heredia Viña Tondonia Reserva 2009,1.0,,,,USD,129.99,2022,낮음,,False,https://charme-du-vin.com/2022/11/28215/,2009,일치
미국,11,B,칼레라 셀렉 2019,Calera Selleck 2019,Calera,,750ml,153450,384420,0.6008,해외가,Calera Pinot Noir Selleck Vineyard 1997,1.0,,,,USD,258.0,2026,높음,빈티지대체,False,https://charme-du-vin.com/2026/06/43857/,2019,빈티지불일치
미국,49,B,칼레라 셀렉 2020,Calera Selleck 2020,Calera,,750ml,153450,384420,0.6008,해외가,Calera Pinot Noir Selleck Vineyard 1997,1.0,,,,USD,258.0,2026,높음,빈티지대체,False,https://charme-du-vin.com/2026/03/42749/,2020,빈티지불일치
스페인·포르투갈,81,A,프레이셰넷 코르돈 네그로 브뤼,Freixenet Cordon Negro Brut,Freixenet,,750ml,7734,19355,0.6004,해외가,Freixenet Cava Cordón Negro Brut,1.0,,,,USD,12.99,2022,낮음,,False,https://charme-du-vin.com/2022/01/25123/,표기없음,원문빈티지없음
스페인·포르투갈,92,B,뱅자맹 드 로스차일드 & 베가 시실리아 마칸 리오하 2011,Benjamin de Rothschild & Vega Sicilia Macán Rioja 2011,Benjamin,,750ml,79794,192195,0.5848,해외가,Benjamin de Rothschild - Vega Sicilia Macán 2018,0.833,,,,USD,128.99,2021,낮음,빈티지대체,False,https://charme-du-vin.com/2021/01/21470/,2011,빈티지불일치
이탈리아,22,A,레 마키올레 메소리오 2021,Le Macchiole Messorio 2021,Macchiole,,750ml,356400,858240,0.5847,해외가,Le Macchiole Messorio 2021,1.0,,,,USD,576.0,2026,높음,,False,https://charme-du-vin.com/2026/04/43103/,2021,일치
미국,18,A,할란 에스테이트 프로몬토리 2018,Harlan Estate Promontory 2018,Harlan,,750ml,1138500,2674476,0.5743,해외가,Harlan Estate Red 2018,0.5,,,,USD,1794.95,2026,높음,,False,https://charme-du-vin.com/2026/05/43557/,2018,일치
미국,51,B,키슬러 피노 누아 소노마 코스트 2021,Kistler Pinot Noir Sonoma Coast 2021,Kistler,,750ml,99000,226480,0.5629,해외가,Kistler Kistler Vineyard Pinot Noir 2003,1.0,,,,USD,152.0,2026,높음,빈티지대체,False,https://charme-du-vin.com/2026/03/42744/,2021,빈티지불일치
이탈리아,33,A,페트롤로 토리오네 2019,Petrolo Torrione 2019,Petrolo,,750ml,17820,40200,0.5567,해외가,Petrolo Toscana Torrione 2019,1.0,,,,USD,26.98,2026,높음,,False,https://charme-du-vin.com/2026/01/42404/,2019,일치
이탈리아,68,A,카파르초 브루넬로 디 몬탈치노 2018,Caparzo Brunello di Montalcino 2018,Caparzo,DOCG,750ml,49500,111661,0.5567,해외가,Caparzo La Casa Brunello di Montalcino 2018,1.0,,,,USD,74.94,2025,높음,,False,https://charme-du-vin.com/2025/05/39370/,2018,일치
이탈리아,71,B,안티노리 피노 네로 2019,Antinori Pinot Nero 2019,Antinori,,750ml,53460,119185,0.5515,해외가,Antinori Castello della Sala Pinot Nero 2021,1.0,,,,USD,79.99,2025,높음,빈티지대체,False,https://charme-du-vin.com/2025/04/39121/,2019,빈티지불일치
이탈리아,59,B,바로네 코르나키아 몬테풀차노 다브루초 2019,Barone Cornacchia Montepulciano d'Abruzzo 2019,Barone,,750ml,13860,29800,0.5349,해외가,Barone Cornacchia Montepulciano d'Abruzzo 2022,1.0,,,,USD,20.0,2025,높음,빈티지대체,False,https://charme-du-vin.com/2025/07/40141/,2019,빈티지불일치
미국,60,A,오베르 UV‐SL 소노마 코스트 샤르도네 2023,Aubert UV‐SL Sonoma Coast Chardonnay 2023,Aubert,,750ml,272250,554280,0.5088,해외가,Aubert Chardonnay UV-SL Vineyard 2023,1.0,,,,USD,372.0,2025,높음,,False,https://charme-du-vin.com/2025/12/41700/,2023,일치
스페인·포르투갈,53,A,바르베이토 마데이라 세르시알 10년,Barbeito Madeira Sercial 10 Year Old,Barbeito,,750ml,33977,68123,0.5012,해외가,Barbeito 10 Years Old Reserve Sercial Madeira,1.0,,,,USD,45.72,2024,보통,,False,https://charme-du-vin.com/2024/01/32969/,표기없음,원문빈티지없음
이탈리아,66,B,파트리모 페우디 디 산 그레고리오 2015,Patrimo Feudi di San Gregorio 2015,Patrimo,,750ml,118800,236835,0.4984,해외가,Feudi di San Gregorio Pàtrimo 2013,1.0,,,,USD,158.95,2025,높음,빈티지대체,False,https://charme-du-vin.com/2025/05/39468/,2015,빈티지불일치
이탈리아,55,A,안티노리 피안 델레 비녜 브루넬로 디 몬탈치노 2019,Antinori Pian delle Vigne Brunello di Montalcino 2019,Antinori,DOCG,750ml,67320,134026,0.4977,해외가,Antinori Pian delle Vigne Brunello di Montalcino 2019,1.0,,,,USD,89.95,2025,높음,,False,https://charme-du-vin.com/2025/07/40245/,2019,일치
이탈리아,38,A,가야 로시 바스 랑게 2024,Gaja Rossj-Bass Langhe 2024,Gaja,DOC,750ml,91080,180916,0.4966,해외가,Gaja Rossj-Bass Langhe 2024,1.0,,,,USD,121.42,2025,높음,,False,https://charme-du-vin.com/2025/12/42103/,2024,일치
이탈리아,39,A,가야 가야 에 레이 샤르도네 2023,Gaja Gaja e Rey Chardonnay 2023,Gaja,,750ml,287100,563146,0.4902,해외가,Gaja Gaia & Rey Langhe 2023,0.667,,,,USD,377.95,2025,높음,,False,https://charme-du-vin.com/2025/12/42103/,2023,일치
이탈리아,29,A,페트롤로 갈라트로나 2021,Petrolo Galatrona 2021,Petrolo,,750ml,84150,163870,0.4865,해외가,Petrolo Galatrona 2021,1.0,,,,USD,109.98,2026,높음,,False,https://charme-du-vin.com/2026/01/42401/,2021,일치
이탈리아,60,A,플라차넬로 델라 피에베 2021,Flaccianello della Pieve 2021,Flaccianello,,750ml,176220,342685,0.4858,해외가,Fontodi Flaccianello della Pieve 2021,1.0,,,,USD,229.99,2025,높음,,False,https://charme-du-vin.com/2025/06/39937/,2021,일치
이탈리아,45,A,오르넬라이아 2020,Ornellaia 2020,Ornellaia,,750ml,306900,595985,0.4851,해외가,Ornellaia Bolgheri Superiore 2020,1.0,,,,USD,399.99,2025,높음,,False,https://charme-du-vin.com/2025/09/40812/,2020,일치
이탈리아,43,A,발디카바 브루넬로 디 몬탈치노 2019,Valdicava Brunello di Montalcino 2019,Valdicava,DOCG,750ml,153450,297985,0.485,해외가,Valdicava Brunello di Montalcino 2019,1.0,,,,USD,199.99,2025,높음,,False,https://charme-du-vin.com/2025/11/41630/,2019,일치
미국,12,B,칼레라 젠슨 2022,Calera Jensen 2022,Calera,,750ml,153450,296510,0.4825,해외가,Calera Pinot Noir Jensen Vineyard 2007,1.0,,,,USD,199.0,2026,높음,빈티지대체,False,https://charme-du-vin.com/2026/06/43857/,2022,빈티지불일치
이탈리아,4,A,카스텔로 디 아마 라파리타 2019,Castello di Ama L'Apparita 2019,Ama,,750ml,287100,552224,0.4801,해외가,Castello di Ama L'Apparita 2019,1.0,,,,USD,370.62,2026,높음,,False,https://charme-du-vin.com/2026/07/44264/,2019,일치
스페인·포르투갈,41,A,그레이엄스 토니 20년,Graham's Tawny 20 Year Old,Graham's,,750ml,55598,104285,0.4669,해외가,W. & J. Graham's 20 Year Old Tawny Port,1.0,,,,USD,69.99,2024,보통,,False,https://charme-du-vin.com/2024/02/33235/,표기없음,원문빈티지없음
스페인·포르투갈,32,A,클레멘스 부쉬 리슬링 마리엔부르크 로텐파트 2018,Clemens Busch Riesling Marienburg Rothenpfad 2018,Clemens,,750ml,59717,111661,0.4652,해외가,Clemens Busch Marienburg GG Felsterrasse 2018,0.6,,,,USD,74.94,2024,보통,,False,https://charme-du-vin.com/2024/06/34933/,2018,일치
스페인·포르투갈,19,A,클로스 모가도르 넬린 프리오라트 2020,Clos Mogador Nelin Priorat 2020,Clos,,750ml,79200,147495,0.463,해외가,Clos Mogador Priorat 2020,0.75,,,,USD,98.99,2025,높음,,False,https://charme-du-vin.com/2025/03/38548/,2020,일치
이탈리아,49,B,프루노토 모스카토 다스티 2023,Prunotto Moscato d'Asti 2023,Prunotto,DOCG,750ml,18810,34196,0.4499,해외가,Prunotto Moscato d'Asti 2024,1.0,,,,USD,22.95,2025,높음,빈티지대체,False,https://charme-du-vin.com/2025/09/40660/,2023,빈티지불일치
이탈리아,10,A,사마스 2025,Samas 2025,Samas,,750ml,22770,40156,0.433,해외가,Punica Samas 2025,1.0,,,,USD,26.95,2026,높음,,False,https://charme-du-vin.com/2026/07/44109/,2025,일치
이탈리아,37,A,가야 알테니 디 브라시카 2023,Gaja Alteni di Brassica 2023,Gaja,,750ml,168300,296510,0.4324,해외가,Gaja Alteni di Brassica Langhe 2023,1.0,,,,USD,199.0,2025,높음,,False,https://charme-du-vin.com/2025/12/42103/,2023,일치
이탈리아,53,A,아마 키안티 클라시코 2022,Ama Chianti Classico 2022,Ama,DOCG,750ml,33660,58736,0.4269,해외가,Castello di Ama Chianti Classico 2022,1.0,,,,USD,39.42,2025,높음,,False,https://charme-du-vin.com/2025/07/40368/,2022,일치
이탈리아,57,A,안티노리 솔라이아 2021,Antinori Solaia 2021,Antinori,,750ml,415800,715200,0.4186,해외가,Antinori Tenuta Tignanello 'Solaia' 2021,1.0,,,,USD,480.0,2025,높음,,False,https://charme-du-vin.com/2025/07/40243/,2021,일치
이탈리아,76,A,비온디 산티 브루넬로 디 몬탈치노 2018,Biondi-Santi Brunello di Montalcino 2018,Biondi-Santi,DOCG,750ml,257400,435736,0.4093,해외가,Biondi-Santi Brunello di Montalcino 2018,1.0,,,,USD,292.44,2025,높음,,False,https://charme-du-vin.com/2025/03/38518/,2018,일치
이탈리아,5,A,가야 다그로미스 바롤로 2021,Gaja Dagromis Barolo 2021,Gaja,DOCG,750ml,123750,208585,0.4067,해외가,Gaja Dagromis Barolo 2021,1.0,,,,USD,139.99,2026,높음,,False,https://charme-du-vin.com/2026/07/44270/,2021,일치
이탈리아,58,A,카세 바세 솔데라 2020,Case Basse Soldera 2020,Case,,750ml,762300,1251585,0.3909,해외가,Soldera Case Basse Sangiovese Toscana 2020,1.0,,,,USD,839.99,2025,높음,,False,https://charme-du-vin.com/2025/07/40241/,2020,일치
이탈리아,42,A,로베르토 보에르치오 바롤로 체레퀴오 2019,Roberto Voerzio Barolo Cerequio 2019,Roberto,DOCG,750ml,336600,551285,0.3894,해외가,Roberto Voerzio Brunate  Barolo 2019,0.75,,,,USD,369.99,2025,높음,,False,https://charme-du-vin.com/2025/11/41637/,2019,일치
스페인·포르투갈,23,A,핑구스 2020,Pingus 2020,Pingus,,750ml,1184040,1936985,0.3887,해외가,Dominio de Pingus Pingus 2020,1.0,,,,USD,1299.99,2024,보통,,False,https://charme-du-vin.com/2024/11/36816/,2020,일치
이탈리아,78,A,달 포르노 로마노 아마로네 델라 발폴리첼라 2017,Dal Forno Romano Amarone della Valpolicella 2017,Dal,DOCG,750ml,445500,727254,0.3874,해외가,Dal Forno Romano Amarone della Valpolicella Monte Lodoletta 2017,1.0,,,,USD,488.09,2025,높음,,False,https://charme-du-vin.com/2025/02/38266/,2017,일치
스페인·포르투갈,68,A,핑구스 2019,Pingus 2019,Pingus,,750ml,1203048,1936985,0.3789,해외가,Dominio de Pingus Pingus 2019,1.0,,,,USD,1299.99,2022,낮음,,False,https://charme-du-vin.com/2022/11/28033/,2019,일치
미국,116,A,잉글눅 루비콘 2018,Inglenook Rubicon 2018,Inglenook,,750ml,188100,297985,0.3688,해외가,Inglenook Rubicon 2018,1.0,,,,USD,199.99,2025,높음,,False,https://charme-du-vin.com/2025/05/39382/,2018,일치
스페인·포르투갈,28,B,비냐 레알 레세르바 2016,Viña Real Reserva 2016,Real,,750ml,32947,52135,0.368,해외가,Viña Real Rioja Reserva 2018,1.0,,,,USD,34.99,2024,보통,빈티지대체,False,https://charme-du-vin.com/2024/07/35477/,2016,빈티지불일치
미국,127,A,더 마스코트 나파 2019,The Mascot Napa 2019,Mascot,,750ml,188100,296510,0.3656,해외가,The Mascot Cabernet Sauvignon 2019,1.0,,,,USD,199.0,2025,높음,,False,https://charme-du-vin.com/2025/03/38551/,2019,일치
스페인·포르투갈,37,A,루스코 알바리뇨,Lusco Albariño,Lusco,,750ml,25740,40156,0.359,해외가,Pazos de Lusco Lusco Albariño 2024,1.0,,,,USD,26.95,2024,보통,,False,https://charme-du-vin.com/2024/05/34617/,표기없음,원문빈티지없음
스페인·포르투갈,42,A,그레이엄스 토니 30년,Graham's Tawny 30 Year Old,Graham's,,750ml,133848,208585,0.3583,해외가,W. & J. Graham's 30 Year Old Tawny Port,1.0,,,,USD,139.99,2024,보통,,False,https://charme-du-vin.com/2024/02/33235/,표기없음,원문빈티지없음
이탈리아,64,B,파토리아 디 바르비 브루넬로 비냐 델 피오레 2018,Fattoria di Barbi Brunello Vigna del Fiore 2018,Barbi,,750ml,163350,251810,0.3513,해외가,Fattoria dei Barbi Brunello di Montalcino Vigna di Fiore 1990,1.0,,,,USD,169.0,2025,높음,빈티지대체,False,https://charme-du-vin.com/2025/05/39471/,2018,빈티지불일치
이탈리아,13,A,가야 바르바레스코 2021,Gaja Barbaresco 2021,Gaja,DOCG,750ml,346500,521485,0.3356,해외가,Gaja Barbaresco 2021,1.0,,,,USD,349.99,2026,높음,,False,https://charme-du-vin.com/2026/06/43879/,2021,일치
이탈리아,48,A,테스타마타 2021,Testamatta 2021,Testamatta,,750ml,108900,163900,0.3356,해외가,Bibi Graetz Testamatta Toscana 2021,1.0,,,,USD,110.0,2025,높음,,False,https://charme-du-vin.com/2025/09/40718/,2021,일치
이탈리아,34,A,레 세레 누오베 디 오르넬라이아 2020,Le Serre Nuove di Ornellaia 2020,Serre,,750ml,64350,96835,0.3355,해외가,Ornellaia Le Serre Nuove 2020,1.0,,,,USD,64.99,2026,높음,,False,https://charme-du-vin.com/2026/01/42348/,2020,일치
스페인·포르투갈,21,A,플로르 데 핑구스 2020,Flor de Pingus 2020,Flor,,750ml,128700,193685,0.3355,해외가,Dominio de Pingus Flor de Pingus 2020,1.0,,,,USD,129.99,2025,높음,,False,https://charme-du-vin.com/2025/02/38160/,2020,일치
이탈리아,50,A,사마스 2024,Samas 2024,Samas,,750ml,22770,34255,0.3353,해외가,Punica Samas 2024,1.0,,,,USD,22.99,2025,높음,,False,https://charme-du-vin.com/2025/08/40589/,2024,일치
스페인·포르투갈,38,B,로제르 굴라르트 그란 레세르바 140周年 2017,Roger Goulart Gran Reserva 140周年 2017,Roger,,750ml,28829,43210,0.3328,해외가,Roger Goulart Cava Gran Reserva Brut 2020,0.8,,,,USD,29.0,2024,보통,빈티지대체,False,https://charme-du-vin.com/2024/05/34602/,2017,빈티지불일치
미국,59,A,오퍼스 원 2018,Opus One 2018,Opus,,750ml,594000,886550,0.33,해외가,Opus One Opus One 2018,1.0,,,,USD,595.0,2025,높음,,False,https://charme-du-vin.com/2025/12/41887/,2018,일치
스페인·포르투갈,18,A,클로스 모가도르 프리오라트 2021,Clos Mogador Priorat 2021,Clos,,750ml,118800,174315,0.3185,해외가,Clos Mogador Priorat 2021,1.0,,,,USD,116.99,2025,높음,,False,https://charme-du-vin.com/2025/03/38548/,2021,일치
이탈리아,65,A,파토리아 디 바르비 로소 디 몬탈치노 2021,Fattoria di Barbi Rosso di Montalcino 2021,Barbi,DOC,750ml,38610,55949,0.3099,해외가,Fattoria dei Barbi Rosso di Montalcino 2021,1.0,,,,USD,37.55,2025,높음,,False,https://charme-du-vin.com/2025/05/39471/,2021,일치
이탈리아,20,A,자코모 콘테르노 바롤로 프란차 2021,Giacomo Conterno Barolo Francia 2021,Giacomo,DOCG,750ml,376200,544446,0.309,해외가,Giacomo Conterno Barolo Cascina Francia 2021,1.0,,,,USD,365.4,2026,높음,,False,https://charme-du-vin.com/2026/04/43201/,2021,일치
이탈리아,30,B,페트롤로 보지나 안포라 A 2021,Petrolo Boggina Anfora A 2021,Petrolo,,750ml,35640,135098,0.7362,해외가,Petrolo Bòggina A 2023,0.667,,,,USD,90.67,2026,높음,빈티지대체,False,https://charme-du-vin.com/2026/01/42407/,2021,빈티지불일치
미국,61,B,오베르 피노 누아 유브이 빈야드 2023,Aubert Pinot Noir UV Vineyard 2023,Aubert,,750ml,207900,631760,0.6709,해외가,Aubert Pinot Noir CIX 2022,0.75,,,,USD,424.0,2025,높음,빈티지대체,True,https://charme-du-vin.com/2025/12/41700/,2023,빈티지불일치
이탈리아,80,B,포조 디 소토 로소 디 몬탈치노 2021,Poggio di Sotto Rosso di Montalcino 2021,Poggio,DOC,750ml,113850,335250,0.6604,해외가,Poggio di Sotto Brunello di Montalcino 2021,0.75,,,,USD,225.0,2025,높음,,False,https://charme-du-vin.com/2025/02/38228/,2021,일치
미국,140,B,알반 빈야드 파트리나 2020,Alban Vineyard Patrina 2020,Alban,,750ml,103950,297970,0.6511,해외가,Alban Vineyards Seymour's 2020,1.0,,,,USD,199.98,2025,높음,,True,https://charme-du-vin.com/2025/01/37840/,2020,일치
미국,62,B,오베르 피노 누아 유브이에스엘 빈야드 2023,Aubert Pinot Noir UV-SL Vineyard 2023,Aubert,,750ml,227700,631760,0.6396,해외가,Aubert Pinot Noir CIX 2022,0.6,,,,USD,424.0,2025,높음,빈티지대체,True,https://charme-du-vin.com/2025/12/41700/,2023,빈티지불일치
스페인·포르투갈,48,B,돌리베이라 마데이라 부알 2001,D'Oliveira Madeira Bual 2001,D'Oliveira,,750ml,164736,441040,0.6265,해외가,D'Oliveiras Boal Madeira 2001,0.333,,,,USD,296.0,2024,보통,,False,https://charme-du-vin.com/2024/01/32983/,2001,일치
스페인·포르투갈,39,B,로제르 굴라르트 코랄 로사도 브뤼,Roger Goulart Coral Rosado Brut,Roger,,1.5L,13900,37176,0.6261,해외가,Roger Goulart Cava Reserva Brut 2019,0.667,24500,48250,2022-09-18,USD,24.95,2024,보통,"실제병가:26,730원",True,https://charme-du-vin.com/2024/05/34599/,표기없음,원문빈티지없음
미국,96,B,피터 마이클 샤르도네 벨 코트 2020,Peter Michael Chardonnay Belle Côte 2020,Peter,,750ml,237600,604940,0.6072,해외가,Peter Michael Mon Plaisir Chardonnay 2020,1.0,,,,USD,406.0,2025,높음,,True,https://charme-du-vin.com/2025/07/40250/,2020,일치
스페인·포르투갈,49,B,돌리베이라 마데이라 베르데호 2003,D'Oliveira Madeira Verdejo 2003,D'Oliveira,,750ml,144144,357600,0.5969,해외가,D'Oliveiras Verdelho Madeira 2004,0.333,,,,USD,240.0,2024,보통,빈티지대체,False,https://charme-du-vin.com/2024/01/32983/,2003,빈티지불일치
스페인·포르투갈,59,B,라 리오하 알타 비냐 아르단사 레세르바 2015,La Rioja Alta Viña Ardanza Reserva 2015,Rioja,,750ml,53737,128125,0.5806,해외가,La Rioja Alta Rioja Gran Reserva 904 2015,1.0,,,,USD,85.99,2023,보통,,True,https://charme-du-vin.com/2023/10/32221/,2015,일치
미국,125,B,신 쿠아 논 디스텐타 IV 시라 2022,Sine Qua Non Distenta IV Syrah 2022,Sine,,750ml,544500,1241170,0.5613,해외가,Sine Qua Non Eleven Confessions Syrah 2022,0.8,,,,USD,833.0,2025,높음,,True,https://charme-du-vin.com/2025/04/39042/,2022,일치
스페인·포르투갈,91,B,로제르 굴라르트 코랄 로사도 브뤼,Roger Goulart Coral Rosado Brut,Roger,,750ml,16731,37176,0.55,해외가,Roger Goulart Cava Reserva Brut 2019,0.667,24500,48250,2022-09-18,USD,24.95,2021,낮음,,True,https://charme-du-vin.com/2021/03/22097/,표기없음,원문빈티지없음
이탈리아,44,B,발디카바 브루넬로 디 몬탈치노 モントゾーリ,Valdicava Brunello di Montalcino モントゾーリ,Valdicava,DOCG,750ml,316800,691658,0.542,해외가,Valdicava Brunello di Montalcino 2001,1.0,,,,USD,464.2,2025,높음,,True,https://charme-du-vin.com/2025/11/41630/,표기없음,원문빈티지없음
스페인·포르투갈,62,B,틴토 페스케라 크리안사 2019,Tinto Pesquera Crianza 2019,Tinto,,750ml,39719,86405,0.5403,해외가,Tinto Pesquera Reserva 2019,0.667,,,,USD,57.99,2023,보통,,False,https://charme-du-vin.com/2023/07/31010/,2019,일치
스페인·포르투갈,74,B,발렌시소 리오하 화이트 2020,Valenciso Rioja White 2020,Valenciso,,750ml,31918,69062,0.5378,해외가,VALENCISO Rioja Reserva 2019,0.667,,,,USD,46.35,2022,낮음,빈티지대체,False,https://charme-du-vin.com/2022/06/26507/,2020,빈티지불일치
스페인·포르투갈,56,B,바르베이토 마데이라 말바시아 10년,Barbeito Madeira Malvasia 10 Year Old,Barbeito,,750ml,33977,68123,0.5012,해외가,Barbeito 10 Years Old Reserve Sercial Madeira,0.75,,,,USD,45.72,2024,보통,,False,https://charme-du-vin.com/2024/01/32969/,표기없음,원문빈티지없음
스페인·포르투갈,54,B,바르베이토 마데이라 베르데호 10년,Barbeito Madeira Verdejo 10 Year Old,Barbeito,,750ml,33977,66424,0.4885,해외가,Barbeito 10 Years Old Reserva Verdelho Madeira,0.75,,,,USD,44.58,2024,보통,,False,https://charme-du-vin.com/2024/01/32969/,표기없음,원문빈티지없음
스페인·포르투갈,55,B,바르베이토 마데이라 부알 10년,Barbeito Madeira Bual 10 Year Old,Barbeito,,750ml,33977,66424,0.4885,해외가,Barbeito 10 Years Old Reserva Velha Boal Madeira,0.75,,,,USD,44.58,2024,보통,,False,https://charme-du-vin.com/2024/01/32969/,표기없음,원문빈티지없음
스페인·포르투갈,29,B,쿠네 레세르바 2019,CVNE Reserva 2019,CVNE,,750ml,23681,46175,0.4871,해외가,Cune (CVNE) Reserva Blanco 2019,1.0,,,,USD,30.99,2024,보통,,False,https://charme-du-vin.com/2024/07/35473/,2019,일치
미국,27,B,피터 마이클 샤르도네 마 벨피유 2017,Peter Michael Chardonnay Ma Belle-Fille 2017,Peter,,750ml,277200,539380,0.4861,해외가,Peter Michael Belle Côte Chardonnay 2017,1.0,,,,USD,362.0,2026,높음,,True,https://charme-du-vin.com/2026/05/43393/,2017,일치
스페인·포르투갈,86,B,페스케라 크리안사 2018,Pesquera Crianza 2018,Pesquera,,750ml,39897,74485,0.4644,해외가,Tinto Pesquera Crianza 2018,1.0,,,,USD,49.99,2021,낮음,,False,https://charme-du-vin.com/2021/10/24233/,2018,일치
이탈리아,90,B,제오그라피코 ボルゴアラテッラ 키안티 콜리 세네시 2023,Geografico ボルゴアラテッラ Chianti Colli Senesi 2023,Geografico,DOCG,750ml,13860,23825,0.4183,해외가,Geografico Borgo Alla Terra Chianti Colli Senesi 2021,1.0,,,,USD,15.99,2025,높음,빈티지대체,True,https://charme-du-vin.com/2025/01/37730/,2023,빈티지불일치
미국,94,B,오 봉 클리마 샤르도네 뉘 블랑슈 フォーサイト 2021,Au Bon Climat Chardonnay Nuits Blanches フォーサイト 2021,Au,,750ml,53460,89892,0.4053,해외가,Au Bon Climat Chardonnay Nuits-Blanches au Bouge 2021,1.0,,,,USD,60.33,2025,높음,,True,https://charme-du-vin.com/2025/07/40252/,2021,일치
이탈리아,67,B,테누타 디 테누타 디 트리노로 2013,Tenuta di Tenuta di Trinoro 2013,Trinoro,,750ml,257400,426229,0.3961,해외가,Tenuta di Trinoro Palazzi Rosso Toscana 2013,1.0,,,,USD,286.06,2025,높음,,False,https://charme-du-vin.com/2025/05/39468/,2013,일치
이탈리아,35,B,로베르토 보에르치오 바롤로 포사티 2019,Roberto Voerzio Barolo Fossati 2019,Roberto,DOCG,750ml,336600,551285,0.3894,해외가,Roberto Voerzio Brunate  Barolo 2019,1.0,,,,USD,369.99,2026,높음,,True,https://charme-du-vin.com/2026/01/42262/,2019,일치
이탈리아,36,B,로베르토 보에르치오 바롤로 ラセッラ 2019,Roberto Voerzio Barolo ラセッラ 2019,Roberto,DOCG,750ml,336600,551285,0.3894,해외가,Roberto Voerzio Brunate  Barolo 2019,1.0,,,,USD,369.99,2026,높음,,True,https://charme-du-vin.com/2026/01/42262/,2019,일치
미국,64,B,에덴 리프트 배리언트 샤르도네 2022,Eden Rift Variant Chardonnay 2022,Eden,,750ml,42570,68540,0.3789,해외가,Eden Rift Vineyards Estate Chardonnay 2022,1.0,,,,USD,46.0,2025,높음,,True,https://charme-du-vin.com/2025/11/41519/,2022,일치
미국,63,B,에덴 리프트 배리언트 피노 누아 2022,Eden Rift Variant Pinot Noir 2022,Eden,,750ml,42570,68525,0.3788,해외가,Eden Rift Vineyards Pinot Noir 2022,1.0,,,,USD,45.99,2025,높음,,True,https://charme-du-vin.com/2025/11/41519/,2022,일치
미국,87,B,키슬러 샤르도네 레 누아즈티에 2023,Kistler Chardonnay Les Noisetiers 2023,Kistler,,750ml,108900,163900,0.3356,해외가,Kistler Chardonnay 2023,1.0,,,,USD,110.0,2025,높음,,True,https://charme-du-vin.com/2025/08/40592/,2023,일치
이탈리아,14,B,자코모 콘테르노 바롤로 리제르바 몬포르티노 2019,Giacomo Conterno Barolo Riserva Monfortino 2019,Giacomo,DOCG,750ml,1188000,1728326,0.3126,해외가,Giacomo Conterno Barolo Riserva Monfortino 2019,1.0,,,,USD,1159.95,2026,높음,,True,https://charme-du-vin.com/2026/06/43879/,2019,일치
이탈리아,56,B,안티노리 피안 델레 비녜 브루넬로 디 몬탈치노 비냐 페로비아 리제르바 2018,Antinori Pian delle Vigne Brunello di Montalcino Vigna Ferrovia Riserva 2018,Antinori,DOCG,750ml,138600,201150,0.311,해외가,Antinori Pian delle Vigne Vignaferrovia Brunello di Montalcino Riserva 2018,0.875,,,,USD,135.0,2025,높음,,True,https://charme-du-vin.com/2025/07/40245/,2018,일치
이탈리아,9,B,테누타 디 트리노로 캄포 디 마냐코스타 2022,Tenuta di Trinoro Campo di Magnacosta 2022,Trinoro,,750ml,138600,199645,0.3058,해외가,Tenuta di Trinoro Campo di Tenaglia Rosso Toscana 2022,0.667,,,,USD,133.99,2026,높음,,True,https://charme-du-vin.com/2026/07/44248/,2022,일치
미국,81,B,게리 패럴 피노 누아 2022,Gary Farrell Pinot Noir 2022,Gary,,750ml,52470,74485,0.2956,해외가,Gary Farrell Russian River Selection Pinot Noir 2022,1.0,,,,USD,49.99,2025,높음,,False,https://charme-du-vin.com/2025/09/40929/,2022,일치
이탈리아,8,B,일 일 카르보나이오네 2021,Il Il Carbonaione 2021,Carbonaione,,750ml,57420,80177,0.2838,해외가,Poggio Scalette Il Carbonaione Alta Valle della Greve 2021,1.0,,,,USD,53.81,2026,높음,,False,https://charme-du-vin.com/2026/07/44248/,2021,일치
스페인·포르투갈,1,B,플로르 데 핑구스 2021,Flor de Pingus 2021,Flor,,750ml,128700,178785,0.2801,해외가,Dominio de Pingus Flor de Pingus 2021,1.0,,,,USD,119.99,2026,높음,,False,https://charme-du-vin.com/2026/04/43189/,2021,일치
이탈리아,47,B,오르넬라이아 비안코 2022,Ornellaia Bianco 2022,Ornellaia,,750ml,366300,505393,0.2752,해외가,Ornellaia Toscana Bianco 2022,1.0,,,,USD,339.19,2025,높음,,False,https://charme-du-vin.com/2025/09/40812/,2022,일치
미국,58,B,키슬러 샤르도네 소노마 마운틴 2023,Kistler Chardonnay Sonoma Mountain 2023,Kistler,,750ml,118800,163900,0.2752,해외가,Kistler Chardonnay 2023,1.0,,,,USD,110.0,2025,높음,,True,https://charme-du-vin.com/2025/12/41927/,2023,일치
미국,80,B,게리 패럴 샤르도네 2022,Gary Farrell Chardonnay 2022,Gary,,750ml,45540,62580,0.2723,해외가,Gary Farrell Russian River Selection Chardonnay 2022,1.0,,,,USD,42.0,2025,높음,,False,https://charme-du-vin.com/2025/09/40929/,2022,일치
미국,70,B,더 마스코트 나파 2020,The Mascot Napa 2020,Mascot,,750ml,217800,297985,0.2691,해외가,The Mascot Cabernet Sauvignon 2020,1.0,,,,USD,199.99,2025,높음,,False,https://charme-du-vin.com/2025/10/41340/,2020,일치
미국,47,B,칼레라 라이언 2019,Calera Ryan 2019,Calera,,750ml,98010,134070,0.269,해외가,Calera Pinot Noir Ryan Vineyard 2019,1.0,,,,USD,89.98,2026,높음,,False,https://charme-du-vin.com/2026/03/42754/,2019,일치
미국,52,B,키슬러 피노 누아 러시안 리버 2022,Kistler Pinot Noir Russian River 2022,Kistler,,750ml,118800,160905,0.2617,해외가,Kistler Russian River Valley Pinot Noir 2022,1.0,,,,USD,107.99,2026,높음,,False,https://charme-du-vin.com/2026/03/42744/,2022,일치
스페인·포르투갈,16,B,초민 에차니스 차콜리 로사도 2023,Txomin Etxaniz Txakoli Rosado 2023,Txomin,,750ml,29700,40215,0.2615,해외가,Txomin Etxaniz Txakoli 2023,0.75,,,,USD,26.99,2025,높음,,False,https://charme-du-vin.com/2025/06/39704/,2023,일치
이탈리아,77,B,달 포르노 로마노 발폴리첼라 수페리오레 2017,Dal Forno Romano Valpolicella Superiore 2017,Dal,DOC,750ml,138600,186250,0.2558,해외가,Dal Forno Romano Valpolicella Superiore Monte Lodoletta 2017,1.0,,,,USD,125.0,2025,높음,,False,https://charme-du-vin.com/2025/02/38266/,2017,일치
미국,19,B,트레페던 에슈콜 샤르도네 나파 2023,Trefethen Eshcol Chardonnay Napa 2023,Trefethen,,750ml,27720,37235,0.2555,해외가,Trefethen Chardonnay 2023,1.0,,,,USD,24.99,2026,높음,,True,https://charme-du-vin.com/2026/05/43557/,2023,일치
이탈리아,11,B,안티노리 솔라이아 2020,Antinori Solaia 2020,Antinori,,750ml,445500,595985,0.2525,해외가,Antinori Tenuta Tignanello 'Solaia' 2020,1.0,,,,USD,399.99,2026,높음,,False,https://charme-du-vin.com/2026/07/44109/,2020,일치
스페인·포르투갈,64,B,콘다도 アザ 크리안사 2019,Condado アザ Crianza 2019,Condado,,750ml,24532,32765,0.2513,해외가,Condado de Haza Crianza Ribera del Duero 2019,1.0,,,,USD,21.99,2023,보통,,True,https://charme-du-vin.com/2023/03/29499/,2019,일치
미국,55,B,스타 레인 카베르네 소비뇽 2020,Star Lane Cabernet Sauvignon 2020,Star,,750ml,62370,81935,0.2388,해외가,Star Lane Vineyard Cabernet Sauvignon 2020,1.0,,,,USD,54.99,2026,높음,,False,https://charme-du-vin.com/2026/01/42127/,2020,일치
이탈리아,18,B,레 세레 누오베 디 오르넬라이아 2022,Le Serre Nuove di Ornellaia 2022,Serre,,750ml,85140,111735,0.238,해외가,Ornellaia Le Serre Nuove 2022,1.0,,,,USD,74.99,2026,높음,,False,https://charme-du-vin.com/2026/05/43390/,2022,일치
미국,29,B,키슬러 샤르도네 더튼 랜치 2023,Kistler Chardonnay Dutton Ranch 2023,Kistler,,750ml,227700,297985,0.2359,해외가,Kistler Dutton Ranch Chardonnay 2023,1.0,,,,USD,199.99,2026,높음,,False,https://charme-du-vin.com/2026/04/43297/,2023,일치
스페인·포르투갈,4,B,시에라 칸타브리아 그란 레세르바 2016,Sierra Cantabria Gran Reserva 2016,Sierra,,750ml,57420,74500,0.2293,해외가,Sierra Cantabria Gran Reserva 2016,1.0,,,,USD,50.0,2026,높음,,False,https://charme-du-vin.com/2026/04/43068/,2016,일치
미국,56,B,더 더 힐트 에스테이트 샤르도네 2022,The The Hilt Estate Chardonnay 2022,Hilt,,750ml,49500,63981,0.2263,해외가,The Hilt Estate Chardonnay 2022,1.0,,,,USD,42.94,2025,높음,,False,https://charme-du-vin.com/2025/12/42059/,2022,일치
미국,102,B,조셉 펠프스 인시그니아 2021,Joseph Phelps Insignia 2021,Joseph,,750ml,415800,536385,0.2248,해외가,Joseph Phelps Vineyards Insignia 2021,1.0,,,,USD,359.99,2025,높음,,False,https://charme-du-vin.com/2025/06/39854/,2021,일치
이탈리아,46,B,오르넬라이아 2021,Ornellaia 2021,Ornellaia,,750ml,326700,417185,0.2169,해외가,Ornellaia Bolgheri Superiore 2021,1.0,,,,USD,279.99,2025,높음,,False,https://charme-du-vin.com/2025/09/40812/,2021,일치
이탈리아,79,B,포조 디 소토 브루넬로 디 몬탈치노 2019,Poggio di Sotto Brunello di Montalcino 2019,Poggio,DOCG,750ml,287100,363754,0.2107,해외가,Poggio di Sotto Brunello di Montalcino 2019,1.0,,,,USD,244.13,2025,높음,,False,https://charme-du-vin.com/2025/02/38228/,2019,일치
스페인·포르투갈,65,B,플로르 데 핑구스 2019,Flor de Pingus 2019,Flor,,750ml,141174,178785,0.2104,해외가,Dominio de Pingus Flor de Pingus 2019,1.0,,,,USD,119.99,2022,낮음,,False,https://charme-du-vin.com/2022/12/28439/,2019,일치
이탈리아,24,B,엘리오 알타레 바르베라 달바 2024,Elio Altare Barbera d'Alba 2024,Elio,DOC,750ml,44550,56158,0.2067,해외가,Elio Altare Barbera d'Alba 2024,1.0,,,,USD,37.69,2026,높음,,False,https://charme-du-vin.com/2026/02/42441/,2024,일치
미국,1,B,콩스가드 시라 2023,Kongsgaard Syrah 2023,Kongsgaard,,750ml,316800,394954,0.1979,해외가,Kongsgaard Syrah 2021,1.0,,,,USD,265.07,2026,높음,빈티지대체,False,https://charme-du-vin.com/2026/07/44399/,2023,빈티지불일치
이탈리아,26,B,엘리오 알타레 바롤로 체레타 2019,Elio Altare Barolo Cerretta 2019,Elio,DOCG,750ml,207900,258262,0.195,해외가,Elio Altare Cerretta Barolo Riserva (Vigna Bricco) 2019,1.0,,,,USD,173.33,2026,높음,,False,https://charme-du-vin.com/2026/02/42438/,2019,일치
미국,3,B,오 봉 클리마 샤르도네 뉘 블랑슈 ライクマインズ 2022,Au Bon Climat Chardonnay Nuits Blanches ライクマインズ 2022,Au,,750ml,68310,84856,0.195,해외가,Au Bon Climat Chardonnay Nuits-Blanches au Bouge 2022,1.0,,,,USD,56.95,2026,높음,,True,https://charme-du-vin.com/2026/07/44372/,2022,일치
미국,103,B,초크 힐 피노 누아 소노마 코스트 2021,Chalk Hill Pinot Noir Sonoma Coast 2021,Chalk,,750ml,38610,47650,0.1897,해외가,Chalk Hill Pinot Noir 2021,1.0,,,,USD,31.98,2025,높음,,False,https://charme-du-vin.com/2025/06/39821/,2021,일치
이탈리아,28,B,엘리오 알타레 바롤로 아르보리나 2021,Elio Altare Barolo Arborina 2021,Elio,DOCG,750ml,188100,230458,0.1838,해외가,Elio Altare Arborina Barolo 2021,1.0,,,,USD,154.67,2026,높음,,False,https://charme-du-vin.com/2026/02/42430/,2021,일치
이탈리아,16,B,오르넬라이아 2022,Ornellaia 2022,Ornellaia,,750ml,316800,387385,0.1822,해외가,Ornellaia Bolgheri Superiore 2022,1.0,,,,USD,259.99,2026,높음,,False,https://charme-du-vin.com/2026/05/43481/,2022,일치
스페인·포르투갈,60,B,로제르 굴라르트 ザロジャー MARK1 2013,Roger Goulart ザロジャー MARK1 2013,Roger,,750ml,75933,92365,0.1779,해외가,Roger Goulart Cava Gran Reserva Brut 2013,0.667,24500,48250,2022-09-18,USD,61.99,2023,보통,,True,https://charme-du-vin.com/2023/10/31861/,2013,일치
미국,100,B,키슬러 샤르도네 트렌턴 로드하우스 2022,Kistler Chardonnay Trenton Roadhouse 2022,Kistler,,750ml,227700,275650,0.174,해외가,Kistler Trenton Roadhouse Chardonnay 2022,1.0,,,,USD,185.0,2025,높음,,False,https://charme-du-vin.com/2025/06/39943/,2022,일치
이탈리아,25,B,엘리오 알타레 바롤로 칸누비 2021,Elio Altare Barolo Cannubi 2021,Elio,DOCG,750ml,336600,405280,0.1695,해외가,Elio Altare Cannubi Barolo 2021,1.0,,,,USD,272.0,2026,높음,,False,https://charme-du-vin.com/2026/02/42438/,2021,일치
미국,57,B,더 더 힐트 에스테이트 피노 누아 2021,The The Hilt Estate Pinot Noir 2021,Hilt,,750ml,49500,59585,0.1693,해외가,The Hilt Estate Pinot Noir 2021,1.0,,,,USD,39.99,2025,높음,,False,https://charme-du-vin.com/2025/12/42059/,2021,일치
이탈리아,17,B,페우디 디 산 그레고리오 쿠티치 그레코 디 투포,Feudi di San Gregorio Cutizzi Greco di Tufo,Gregorio,DOCG,750ml,30690,36699,0.1637,해외가,Feudi di San Gregorio Greco Di Tufo 2022,1.0,34000,34500,2023-02-23,USD,24.63,2026,높음,,True,https://charme-du-vin.com/2026/05/43390/,표기없음,원문빈티지없음
이탈리아,7,B,아마 키안티 클라시코 그란 셀레치오네 산 로렌초 2020,Ama Chianti Classico Gran Selezione San Lorenzo 2020,Ama,DOCG,750ml,69300,81920,0.1541,해외가,Castello di Ama Chianti Classico Vigneto Gran Selezione San Lorenzo 2020,1.0,,,,USD,54.98,2026,높음,,False,https://charme-du-vin.com/2026/07/44267/,2020,일치
이탈리아,27,B,엘리오 알타레 바롤로 2021,Elio Altare Barolo 2021,Elio,DOCG,750ml,128700,150684,0.1459,해외가,Elio Altare Barolo 2021,1.0,,,,USD,101.13,2026,높음,,False,https://charme-du-vin.com/2026/02/42430/,2021,일치
스페인·포르투갈,25,B,틴토 페스케라 레세르바 2020,Tinto Pesquera Reserva 2020,Tinto,,750ml,64865,75230,0.1378,해외가,Tinto Pesquera Reserva 2020,1.0,,,,USD,50.49,2024,보통,,False,https://charme-du-vin.com/2024/11/36741/,2020,일치
미국,65,B,찰스 스미스 リアルワイン 카베르네 소비뇽 2021,Charles Smith リアルワイン Cabernet Sauvignon 2021,Charles,,750ml,25740,29726,0.1341,해외가,Charles Smith Chateau Smith Cabernet Sauvignon 2021,1.0,,,,USD,19.95,2025,높음,,True,https://charme-du-vin.com/2025/11/41376/,2021,일치
이탈리아,87,B,엘리오 그라소 바롤로 ルンコト 리제르바 2016,Elio Grasso Barolo ルンコト Riserva 2016,Elio,DOCG,750ml,376200,432085,0.1293,해외가,Elio Grasso Barolo Riserva Rüncot 2016,1.0,,,,USD,289.99,2025,높음,,True,https://charme-du-vin.com/2025/01/37868/,2016,일치
미국,7,B,키슬러 샤르도네 허드슨 빈야드 2023,Kistler Chardonnay Hudson Vineyard 2023,Kistler,,750ml,227700,260735,0.1267,해외가,Kistler Hudson Vineyard Chardonnay 2023,1.0,,,,USD,174.99,2026,높음,,False,https://charme-du-vin.com/2026/06/44028/,2023,일치
미국,43,B,더 마스코트 나파 2021,The Mascot Napa 2021,Mascot,,750ml,227700,260675,0.1265,해외가,The Mascot Cabernet Sauvignon 2021,1.0,,,,USD,174.95,2026,높음,,False,https://charme-du-vin.com/2026/03/42862/,2021,일치
스페인·포르투갈,3,B,시에라 칸타브리아 크리안사 2021,Sierra Cantabria Crianza 2021,Sierra,,750ml,28710,32706,0.1222,해외가,Sierra Cantabria Crianza 2021,1.0,,,,USD,21.95,2026,높음,,False,https://charme-du-vin.com/2026/04/43068/,2021,일치
이탈리아,61,B,자코모 콘테르노 바롤로 프란차 2020,Giacomo Conterno Barolo Francia 2020,Giacomo,DOCG,750ml,346500,393360,0.1191,해외가,Giacomo Conterno Barolo Cascina Francia 2020,1.0,,,,USD,264.0,2025,높음,,False,https://charme-du-vin.com/2025/06/39890/,2020,일치
이탈리아,23,B,브루노 자코사 바르바레스코 라바야 2021,Bruno Giacosa Barbaresco Rabajà 2021,Bruno,DOCG,750ml,475200,535804,0.1131,해외가,Bruno Giacosa Falletto Barbaresco Rabaja 2021,1.0,,,,USD,359.6,2026,높음,,False,https://charme-du-vin.com/2026/04/43103/,2021,일치
이탈리아,85,B,엘리오 알타레 바롤로 2020,Elio Altare Barolo 2020,Elio,DOCG,750ml,123750,138198,0.1045,해외가,Elio Altare Barolo 2020,1.0,,,,USD,92.75,2025,높음,,False,https://charme-du-vin.com/2025/01/37890/,2020,일치
이탈리아,63,B,파토리아 디 바르비 브루넬로 디 몬탈치노 2018,Fattoria di Barbi Brunello di Montalcino 2018,Barbi,DOCG,750ml,87120,97133,0.1031,해외가,Fattoria dei Barbi Brunello di Montalcino 2019,1.0,,,,USD,65.19,2025,높음,빈티지대체,False,https://charme-du-vin.com/2025/05/39471/,2018,빈티지불일치
미국,74,B,콩스가드 샤르도네 더 저지 2023,Kongsgaard Chardonnay The Judge 2023,Kongsgaard,,750ml,792000,879085,0.0991,해외가,Kongsgaard The Judge Chardonnay 2023,1.0,,,,USD,589.99,2025,높음,,False,https://charme-du-vin.com/2025/10/41160/,2023,일치
미국,38,B,허드슨 샤르도네,Hudson Chardonnay,Hudson,,750ml,97020,107265,0.0955,해외가,Hudson Chardonnay 2023,1.0,,,,USD,71.99,2026,높음,,False,https://charme-du-vin.com/2026/03/42880/,표기없음,원문빈티지없음
이탈리아,69,B,자코모 콘테르노 바르베라 달바 비냐 프란차 2022,Giacomo Conterno Barbera d'Alba Vigna Francia 2022,Giacomo,DOC,750ml,108900,119185,0.0863,해외가,Giacomo Conterno Barbera d'Alba Vigna Francia 2022,1.0,,,,USD,79.99,2025,높음,,False,https://charme-du-vin.com/2025/04/39192/,2022,일치
이탈리아,70,B,예르만 웨어 드림스 2022,Jermann Were Dreams 2022,Jermann,,750ml,75240,81950,0.0819,해외가,Jermann Where Dreams have no end (W... Dreams...) 2022,0.667,,,,USD,55.0,2025,높음,,False,https://charme-du-vin.com/2025/04/39124/,2022,일치
미국,4,B,지라드 카베르네 소비뇽 나파 2021,Girard Cabernet Sauvignon Napa 2021,Girard,,750ml,58410,62565,0.0664,해외가,Girard Cabernet Sauvignon 2021,1.0,,,,USD,41.99,2026,높음,,False,https://charme-du-vin.com/2026/07/44319/,2021,일치
스페인·포르투갈,77,B,장 레옹 3055 샤르도네 2021,Jean Leon 3055 Chardonnay 2021,Jean,,750ml,20869,22276,0.0632,해외가,Jean Leon Chardonnay Penedès 3055 2018,1.0,,,,USD,14.95,2022,낮음,빈티지대체,False,https://charme-du-vin.com/2022/03/25546/,2021,빈티지불일치
미국,145,B,피터 마이클 오 파라디 2020,Peter Michael Au Paradis 2020,Peter,,750ml,366300,387355,0.0544,해외가,Peter Michael Les Pavots 2020,1.0,,,,USD,259.97,2025,높음,,True,https://charme-du-vin.com/2025/01/37774/,2020,일치
미국,9,B,키슬러 샤르도네 레 누아즈티에 2024,Kistler Chardonnay Les Noisetiers 2024,Kistler,,750ml,108900,114715,0.0507,해외가,Kistler Chardonnay 2024,1.0,,,,USD,76.99,2026,높음,,True,https://charme-du-vin.com/2026/06/44024/,2024,일치
스페인·포르투갈,90,B,토레스 비냐 에스메랄다 2019,Torres Viña Esmeralda 2019,Torres,,750ml,14800,15466,0.0431,해외가,Familia Torres Viña Esmeralda 2023,1.0,,,,USD,10.38,2021,낮음,빈티지대체,False,https://charme-du-vin.com/2021/04/22418/,2019,빈티지불일치
미국,69,B,웨이페어러 샤르도네 포트 로스 시뷰 2022,Wayfarer Chardonnay Fort Ross-Seaview 2022,Wayfarer,,750ml,128700,134026,0.0397,해외가,Wayfarer Chardonnay 2022,1.0,,,,USD,89.95,2025,높음,,True,https://charme-du-vin.com/2025/10/41340/,2022,일치
미국,79,B,조엘 고트 샤르도네 2021,Joel Gott Chardonnay 2021,Joel,,750ml,25740,26805,0.0397,해외가,Joel Gott Barrel Aged Chardonnay 2021,1.0,,,,USD,17.99,2025,높음,,False,https://charme-du-vin.com/2025/09/40932/,2021,일치
미국,101,B,키슬러 샤르도네 허드슨 빈야드 2022,Kistler Chardonnay Hudson Vineyard 2022,Kistler,,750ml,227700,236910,0.0389,해외가,Kistler Hudson Vineyard Chardonnay 2022,1.0,,,,USD,159.0,2025,높음,,False,https://charme-du-vin.com/2025/06/39943/,2022,일치
이탈리아,81,B,스키아벤차 랑게 네비올로 2021,Schiavenza Langhe Nebbiolo 2021,Schiavenza,DOC,750ml,27720,28817,0.0381,해외가,Schiavenza Langhe Nebbiolo 2015,1.0,,,,USD,19.34,2025,높음,빈티지대체,False,https://charme-du-vin.com/2025/02/38126/,2021,빈티지불일치
스페인·포르투갈,70,B,라 리오하 알타 비냐 알베르디 2018,La Rioja Alta Viña Alberdi 2018,Rioja,,750ml,40511,41705,0.0286,해외가,La Rioja Alta Viña Alberdi Reserva 2018,1.0,,,,USD,27.99,2022,낮음,,False,https://charme-du-vin.com/2022/09/27494/,2018,일치
미국,115,B,애스턴 에스테이트 피노 누아 소노마 2019,Aston Estate Pinot Noir Sonoma 2019,Aston,,750ml,108900,111735,0.0254,해외가,Aston Estate Pinot Noir 2019,1.0,,,,USD,74.99,2025,높음,,False,https://charme-du-vin.com/2025/05/39417/,2019,일치
미국,5,B,키슬러 피노 누아 소노마 코스트 2023,Kistler Pinot Noir Sonoma Coast 2023,Kistler,,750ml,108900,111676,0.0249,해외가,Kistler Pinot Noir 2023,1.0,,,,USD,74.95,2026,높음,,False,https://charme-du-vin.com/2026/06/44031/,2023,일치
미국,75,B,오퍼스 원 2021,Opus One 2021,Opus,,750ml,623700,633622,0.0157,해외가,Opus One Opus One 2021,1.0,,,,USD,425.25,2025,높음,,False,https://charme-du-vin.com/2025/10/41137/,2021,일치
이탈리아,86,B,엘리오 알타레 바롤로 아르보리나 2020,Elio Altare Barolo Arborina 2020,Elio,DOCG,750ml,163350,163870,0.0032,해외가,Elio Altare Arborina Barolo 2020,1.0,,,,USD,109.98,2025,높음,,False,https://charme-du-vin.com/2025/01/37890/,2020,일치
미국,6,B,키슬러 피노 누아 러시안 리버 밸리 2023,Kistler Pinot Noir Russian River Valley 2023,Kistler,,750ml,118800,119126,0.0027,해외가,Kistler Russian River Valley Pinot Noir 2023,1.0,,,,USD,79.95,2026,높음,,False,https://charme-du-vin.com/2026/06/44031/,2023,일치
미국,46,B,브레드 앤 버터 메를로 2023,Bread & Butter Merlot 2023,Bread,,750ml,25740,25256,-0.0192,해외가,Bread & Butter Merlot 2023,1.0,,,,USD,16.95,2026,높음,,False,https://charme-du-vin.com/2026/03/42821/,2023,일치
스페인·포르투갈,71,B,라 리오하 알타 비냐 아르단사 레세르바 2015,La Rioja Alta Viña Ardanza Reserva 2015,Rioja,,750ml,57697,56605,-0.0193,해외가,La Rioja Alta Viña Ardanza Reserva 2015,1.0,,,,USD,37.99,2022,낮음,,False,https://charme-du-vin.com/2022/09/27494/,2015,일치
미국,15,B,오베르 이스트사이드 러시안 리버 밸리 2024,Aubert Eastside Russian River Valley 2024,Aubert,,750ml,267300,260750,-0.0251,해외가,Aubert Russian River Chardonnay 2024,1.0,,,,USD,175.0,2026,높음,,True,https://charme-du-vin.com/2026/06/43765/,2024,일치
이탈리아,52,B,로베르토 보에르치오 바롤로 델 코무네 디 라 모라 2020,Roberto Voerzio Barolo del Comune di La Morra 2020,Roberto,DOCG,750ml,153450,148985,-0.03,해외가,Roberto Voerzio Barolo del Comune di la Morra 2019,1.0,,,,USD,99.99,2025,높음,빈티지대체,False,https://charme-du-vin.com/2025/07/40371/,2020,빈티지불일치
미국,2,B,더블 다이아몬드 소비뇽 블랑 2024,Double Diamond Sauvignon Blanc 2024,Double,,750ml,92070,89385,-0.03,해외가,Schrader Double Diamond Sauvignon Blanc 2024,1.0,,,,USD,59.99,2026,높음,,False,https://charme-du-vin.com/2026/07/44399/,2024,일치
미국,48,B,칼레라 젠슨 2020,Calera Jensen 2020,Calera,,750ml,153450,148985,-0.03,해외가,Calera Pinot Noir Jensen Vineyard 2020,1.0,,,,USD,99.99,2026,높음,,False,https://charme-du-vin.com/2026/03/42754/,2020,일치
스페인·포르투갈,69,B,소알례이로 ジェルミナール 로우레이루 VV 2020,Soalheiro ジェルミナール Loureiro VV 2020,Soalheiro,,750ml,24552,23766,-0.0331,해외가,Soalheiro Allo Alvarinho - Loureiro 2024,0.667,,,,USD,15.95,2022,낮음,빈티지대체,True,https://charme-du-vin.com/2022/09/27497/,2020,빈티지불일치
미국,92,B,플라워스 샤르도네 소노마 코스트 2023,Flowers Chardonnay Sonoma Coast 2023,Flowers,,750ml,81180,78210,-0.038,해외가,Flowers Sonoma Coast Chardonnay 2023,1.0,,,,USD,52.49,2025,높음,,False,https://charme-du-vin.com/2025/07/40289/,2023,일치
스페인·포르투갈,11,B,라파엘 팔라시오스 아스 소르테스 2023,Rafael Palacios As Sortes 2023,Rafael,,750ml,123750,119185,-0.0383,해외가,Rafael Palacios As Sortes Val do Bibei Godello 2023,1.0,,,,USD,79.99,2025,높음,,False,https://charme-du-vin.com/2025/10/41208/,2023,일치
미국,32,B,옥시덴탈 프리스톤 옥시덴탈 피노 누아 2023,Occidental Freestone Occidental Pinot Noir 2023,Occidental,,750ml,118800,113225,-0.0492,해외가,Occidental Freestone-Occidental Pinot Noir 2023,1.0,,,,USD,75.99,2026,높음,,False,https://charme-du-vin.com/2026/04/43109/,2023,일치
스페인·포르투갈,15,B,초민 에차니스 차콜리 블랑코 2024,Txomin Etxaniz Txakoli Blanco 2024,Txomin,,750ml,29700,28295,-0.0497,해외가,Txomin Etxaniz Txakoli 2024,0.75,,,,USD,18.99,2025,높음,,False,https://charme-du-vin.com/2025/06/39704/,2024,일치
미국,91,B,셰이퍼 샤르도네 레드 숄더 랜치 2023,Shafer Chardonnay Red Shoulder Ranch 2023,Shafer,,750ml,108900,103704,-0.0501,해외가,Shafer Red Shoulder Ranch Chardonnay 2023,1.0,,,,USD,69.6,2025,높음,,False,https://charme-du-vin.com/2025/07/40289/,2023,일치
이탈리아,83,B,엘리오 알타레 랑게 로소 라 빌라 2021,Elio Altare Langhe Rosso La Villa 2021,Elio,DOC,750ml,118800,111661,-0.0639,해외가,Elio Altare Larigi Langhe Rosso 2021,0.8,,,,USD,74.94,2025,높음,,False,https://charme-du-vin.com/2025/01/37893/,2021,일치
이탈리아,84,B,엘리오 알타레 랑게 로소 ラルジ 2021,Elio Altare Langhe Rosso ラルジ 2021,Elio,DOC,750ml,118800,111661,-0.0639,해외가,Elio Altare Larigi Langhe Rosso 2021,1.0,,,,USD,74.94,2025,높음,,True,https://charme-du-vin.com/2025/01/37893/,2021,일치
미국,44,B,브레드 앤 버터 소비뇽 블랑 2024,Bread & Butter Sauvignon Blanc 2024,Bread,,750ml,25740,24123,-0.067,해외가,Bread & Butter Sauvignon Blanc 2024,1.0,,,,USD,16.19,2026,높음,,False,https://charme-du-vin.com/2026/03/42821/,2024,일치
이탈리아,6,B,아마 키안티 클라시코 그란 셀레치오네 비녜토 라 비녜토 라 카수차 2015,Ama Chianti Classico Gran Selezione Vigneto La Vigneto La Casuccia 2015,Ama,DOCG,750ml,287100,268185,-0.0705,해외가,Castello di Ama Vigneto La Casuccia Chianti Classico Gran Selezione 2015,1.0,,,,USD,179.99,2026,높음,,True,https://charme-du-vin.com/2026/07/44267/,2015,일치
이탈리아,21,B,자코모 콘테르노 네비올로 달바 비냐 아리오네 2022,Giacomo Conterno Nebbiolo d'Alba Vigna Arione 2022,Giacomo,DOC,750ml,257400,238325,-0.08,해외가,Giacomo Conterno Nebbiolo d'Alba Arione 2022,0.833,,,,USD,159.95,2026,높음,,False,https://charme-du-vin.com/2026/04/43201/,2022,일치
미국,137,B,키슬러 피노 누아 キュヴェナタリーシルヴァーベルト 2021,Kistler Pinot Noir キュヴェナタリーシルヴァーベルト 2021,Kistler,,750ml,245520,226480,-0.0841,해외가,Kistler Kistler Vineyard Pinot Noir 2003,1.0,,,,USD,152.0,2025,높음,빈티지대체,True,https://charme-du-vin.com/2025/01/37871/,2021,빈티지불일치
미국,138,B,키슬러 피노 누아 キュヴェナタリーシルヴァーベルト 2021,Kistler Pinot Noir キュヴェナタリーシルヴァーベルト 2021,Kistler,,750ml,245520,226480,-0.0841,해외가,Kistler Kistler Vineyard Pinot Noir 2003,1.0,,,,USD,152.0,2025,높음,빈티지대체,True,https://charme-du-vin.com/2025/01/37871/,2021,빈티지불일치
미국,135,B,오버추어 2021,Overture 2021,Overture,,750ml,316800,290535,-0.0904,해외가,Opus One Overture 2021,1.0,,,,USD,194.99,2025,높음,,False,https://charme-du-vin.com/2025/01/37996/,2021,일치
미국,10,B,키슬러 샤르도네 트렌턴 로드하우스 2023,Kistler Chardonnay Trenton Roadhouse 2023,Kistler,,750ml,227700,206231,-0.1041,해외가,Kistler Trenton Roadhouse Chardonnay 2023,1.0,,,,USD,138.41,2026,높음,,False,https://charme-du-vin.com/2026/06/44024/,2023,일치
스페인·포르투갈,31,B,클레멘스 부쉬 리슬링 마리엔부르크 ラフェ 2018,Clemens Busch Riesling Marienburg ラフェ 2018,Clemens,,750ml,123552,111661,-0.1065,해외가,Clemens Busch Marienburg GG Felsterrasse 2018,0.75,,,,USD,74.94,2024,보통,,True,https://charme-du-vin.com/2024/06/34933/,2018,일치
스페인·포르투갈,51,B,돌리베이라 마데이라 모스카텔 그라우두 1900,D'Oliveira Madeira Moscatel Graúdo 1900,D'Oliveira,,750ml,2162160,1936985,-0.1163,해외가,D'Oliveiras Reserva Moscatel Madeira,0.4,,,,USD,1299.99,2024,보통,,False,https://charme-du-vin.com/2024/01/32981/,표기없음,원문빈티지없음
미국,129,B,앤트힐 팜스 샤르도네 캠벨 랜치 2022,Anthill Farms Chardonnay Campbell Ranch 2022,Anthill,,750ml,75240,66961,-0.1236,해외가,Anthill Farms Campbell Ranch Vineyard Chardonnay 2022,1.0,,,,USD,44.94,2025,높음,,True,https://charme-du-vin.com/2025/02/38157/,2022,일치
미국,97,B,팔마이어 제이슨 소비뇽 블랑 2024,Pahlmeyer Jayson Sauvignon Blanc 2024,Pahlmeyer,,750ml,61380,53253,-0.1526,해외가,Pahlmeyer Jayson Sauvignon Blanc 2024,1.0,,,,USD,35.74,2025,높음,,True,https://charme-du-vin.com/2025/07/40188/,2024,일치
미국,42,B,팔마이어 제이슨 카베르네 소비뇽 2022,Pahlmeyer Jayson Cabernet Sauvignon 2022,Pahlmeyer,,750ml,143550,124042,-0.1573,해외가,Pahlmeyer Jayson The Bench Cabernet Sauvignon 2022,1.0,,,,USD,83.25,2026,높음,,True,https://charme-du-vin.com/2026/03/42868/,2022,일치
스페인·포르투갈,10,B,라파엘 팔라시오스 로우로 2024,Rafael Palacios Louro 2024,Rafael,,750ml,48510,41646,-0.1648,해외가,Rafael Palacios Louro Godello 2024,1.0,,,,USD,27.95,2025,높음,,False,https://charme-du-vin.com/2025/10/41208/,2024,일치
이탈리아,15,B,트룰리 ミレア 프리미티보 디 만두리아 2023,Trulli ミレア Primitivo di Manduria 2023,Trulli,DOCG,750ml,35640,29785,-0.1966,해외가,Masseria Borgo dei Trulli Primitivo di Manduria 2023,1.0,,,,USD,19.99,2026,높음,,True,https://charme-du-vin.com/2026/05/43542/,2023,일치
미국,88,B,덕혼 카베르네 소비뇽 2022,Duckhorn Cabernet Sauvignon 2022,Duckhorn,,750ml,75240,62565,-0.2026,해외가,Duckhorn Napa Valley Cabernet Sauvignon 2022,1.0,,,,USD,41.99,2025,높음,,False,https://charme-du-vin.com/2025/08/40483/,2022,일치
미국,30,B,초크 힐 샤르도네 소노마 코스트 2024,Chalk Hill Chardonnay Sonoma Coast 2024,Chalk,,750ml,36630,29800,-0.2292,해외가,Chalk Hill Sonoma Coast Chardonnay 2024,1.0,,,,USD,20.0,2026,높음,,False,https://charme-du-vin.com/2026/04/43294/,2024,일치
미국,73,B,콩스가드 샤르도네 2023,Kongsgaard Chardonnay 2023,Kongsgaard,,750ml,257400,208525,-0.2344,해외가,Kongsgaard Chardonnay 2023,1.0,,,,USD,139.95,2025,높음,,False,https://charme-du-vin.com/2025/10/41160/,2023,일치
미국,66,B,찰스 스미스 リアルワイン 샤르도네 2022,Charles Smith リアルワイン Chardonnay 2022,Charles,,750ml,25740,20830,-0.2357,해외가,Charles Smith Real Wine Chardonnay 2022,1.0,119000,119000,2023-12-01,USD,13.98,2025,높음,,True,https://charme-du-vin.com/2025/11/41376/,2022,일치
미국,84,B,실버 오크 カベルネアレキサンダーヴァレー 2020,Silver Oak カベルネアレキサンダーヴァレー 2020,Silver,,750ml,138600,108755,-0.2744,해외가,Silver Oak Alexander Valley Cabernet Sauvignon 2020,1.0,,,,USD,72.99,2025,높음,,True,https://charme-du-vin.com/2025/09/40780/,2020,일치
스페인·포르투갈,61,B,토레스 비냐 에스메랄다 フロールドランジュ 2022,Torres Viña Esmeralda フロールドランジュ 2022,Torres,,750ml,19859,15466,-0.284,해외가,Familia Torres Viña Esmeralda 2023,1.0,,,,USD,10.38,2023,보통,빈티지대체,True,https://charme-du-vin.com/2023/08/31362/,2022,빈티지불일치
미국,21,B,키슬러 샤르도네 바인 힐 빈야드 2022,Kistler Chardonnay Vine Hill Vineyard 2022,Kistler,,750ml,227700,177310,-0.2842,해외가,Kistler Chardonnay 2022,1.0,,,,USD,119.0,2026,높음,,True,https://charme-du-vin.com/2026/05/43509/,2022,일치
미국,113,B,셰이퍼 カベルネワンポイントファイヴ 2022,Shafer カベルネワンポイントファイヴ 2022,Shafer,,750ml,173250,134026,-0.2927,해외가,Shafer Relentless 2022,1.0,,,,USD,89.95,2025,높음,,True,https://charme-du-vin.com/2025/06/39552/,2022,일치
미국,41,B,팔마이어 제이슨 샤르도네 2023,Pahlmeyer Jayson Chardonnay 2023,Pahlmeyer,,750ml,97020,73740,-0.3157,해외가,Pahlmeyer Jayson Chardonnay 2023,1.0,,,,USD,49.49,2026,높음,,True,https://charme-du-vin.com/2026/03/42868/,2023,일치
미국,45,B,브레드 앤 버터 샤르도네 2024,Bread & Butter Chardonnay 2024,Bread,,750ml,25740,19355,-0.3299,해외가,Bread & Butter Chardonnay 2024,1.0,,,,USD,12.99,2026,높음,,False,https://charme-du-vin.com/2026/03/42821/,2024,일치
스페인·포르투갈,82,B,후안 힐 18メセス 2018,Juan Gil 18メセス 2018,Juan,,750ml,43758,32765,-0.3355,해외가,Juan Gil Red Blend 2018,0.667,,,,USD,21.99,2021,낮음,,True,https://charme-du-vin.com/2021/12/24920/,2018,일치
미국,8,B,키슬러 샤르도네 허드슨 빈야드 2023,Kistler Chardonnay Hudson Vineyard 2023,Kistler,,750ml,227700,163900,-0.3893,해외가,Kistler Chardonnay 2023,1.0,,,,USD,110.0,2026,높음,,True,https://charme-du-vin.com/2026/06/44028/,2023,일치
미국,28,B,키슬러 샤르도네 맥크레아 빈야드 2023,Kistler Chardonnay McCrea Vineyard 2023,Kistler,,750ml,227700,163900,-0.3893,해외가,Kistler Chardonnay 2023,1.0,,,,USD,110.0,2026,높음,,True,https://charme-du-vin.com/2026/04/43297/,2023,일치
스페인·포르투갈,22,B,후안 힐 메세스 2018,Juan Gil meses 2018,Juan,,750ml,46332,32765,-0.4141,해외가,Juan Gil Red Blend 2018,0.667,,,,USD,21.99,2024,보통,,False,https://charme-du-vin.com/2024/12/37484/,2018,일치
미국,37,B,허드슨 샤르도네 シーシェル 2023,Hudson Chardonnay シーシェル 2023,Hudson,,750ml,153450,107265,-0.4306,해외가,Hudson Chardonnay 2023,1.0,,,,USD,71.99,2026,높음,,True,https://charme-du-vin.com/2026/03/42880/,2023,일치
미국,39,B,허드슨 샤르도네 リトルビット 2023,Hudson Chardonnay リトルビット 2023,Hudson,,750ml,153450,107265,-0.4306,해외가,Hudson Chardonnay 2023,1.0,,,,USD,71.99,2026,높음,,True,https://charme-du-vin.com/2026/03/42875/,2023,일치
미국,40,B,허드슨 샤르도네 レディーバグ 2023,Hudson Chardonnay レディーバグ 2023,Hudson,,750ml,153450,107265,-0.4306,해외가,Hudson Chardonnay 2023,1.0,,,,USD,71.99,2026,높음,,True,https://charme-du-vin.com/2026/03/42875/,2023,일치
스페인·포르투갈,50,B,돌리베이라 마데이라 모스카텔 그라우두 1875,D'Oliveira Madeira Moscatel Graúdo 1875,D'Oliveira,,750ml,2779920,1936985,-0.4352,해외가,D'Oliveiras Reserva Moscatel Madeira,0.4,,,,USD,1299.99,2024,보통,,False,https://charme-du-vin.com/2024/01/32981/,표기없음,원문빈티지없음
미국,121,B,피터 마이클 레 パヴォ 2019,Peter Michael Les パヴォ 2019,Peter,,750ml,386100,268185,-0.4397,해외가,Peter Michael Les Pavots 2019,1.0,,,,USD,179.99,2025,높음,,True,https://charme-du-vin.com/2025/05/39233/,2019,일치
미국,31,B,초크 힐 에스테이트 샤르도네 2023,Chalk Hill Estate Chardonnay 2023,Chalk,,750ml,73260,49155,-0.4904,해외가,Chalk Hill Chalk Hill Estate Chardonnay 2023,1.0,,,,USD,32.99,2026,높음,,False,https://charme-du-vin.com/2026/04/43294/,2023,일치
미국,110,B,클로 뒤 발 イエッタリル 2019,Clos du Val イエッタリル 2019,Clos,,750ml,346500,216035,-0.6039,해외가,Clos du Val Yettalil 2019,1.0,,,,USD,144.99,2025,높음,,True,https://charme-du-vin.com/2025/06/39555/,2019,일치
미국,68,B,도멘 세레네 샤르도네 コートサッド 2022,Domaine Serene Chardonnay コートサッド 2022,Domaine,,750ml,168300,104285,-0.6138,해외가,Domaine Serene Evenstad Reserve Chardonnay 2022,1.0,,,,USD,69.99,2025,높음,,True,https://charme-du-vin.com/2025/11/41372/,2022,일치
미국,67,B,도멘 세레네 피노 누아 アスペクト 2022,Domaine Serene Pinot Noir アスペクト 2022,Domaine,,750ml,217800,134026,-0.6251,해외가,Domaine Serene Evenstad Reserve Pinot Noir 2022,1.0,,,,USD,89.95,2025,높음,,True,https://charme-du-vin.com/2025/11/41372/,2022,일치
미국,16,B,오베르 유브이에스엘 소노마 코스트 샤르도네 2024,Aubert UV-SL Sonoma Coast Chardonnay 2024,Aubert,,750ml,267300,163900,-0.6309,해외가,Aubert Sonoma Coast Chardonnay 2015,0.5,,,,USD,110.0,2026,높음,빈티지대체,True,https://charme-du-vin.com/2026/06/43765/,2024,빈티지불일치
미국,114,B,오베르 パワーホース 소노마 코스트 샤르도네 2023,Aubert パワーホース Sonoma Coast Chardonnay 2023,Aubert,,750ml,287100,171350,-0.6755,해외가,Aubert Sonoma Coast Chardonnay 2023,1.0,,,,USD,115.0,2025,높음,,True,https://charme-du-vin.com/2025/05/39423/,2023,일치
미국,17,B,오베르 パウダーハウス 소노마 코스트 샤르도네 2024,Aubert パウダーハウス Sonoma Coast Chardonnay 2024,Aubert,,750ml,292050,163900,-0.7819,해외가,Aubert Sonoma Coast Chardonnay 2015,1.0,,,,USD,110.0,2026,높음,빈티지대체,True,https://charme-du-vin.com/2026/06/43765/,2024,빈티지불일치
미국,26,B,오베르 카네로스 샤르도네 래리 하이드 앤 선스 2020,Aubert Carneros Chardonnay Larry Hyde & Sons 2020,Aubert,,750ml,306900,171350,-0.7911,해외가,Aubert Carneros Chardonnay 2015,1.0,,,,USD,115.0,2026,높음,빈티지대체,True,https://charme-du-vin.com/2026/05/43486/,2020,빈티지불일치
이탈리아,62,B,마세토 2021,Masseto 2021,Masseto,,750ml,1089000,558750,-0.949,해외가,Masseto Massetino 2021,1.0,,,,USD,375.0,2025,높음,,False,https://charme-du-vin.com/2025/06/39779/,2021,일치
이탈리아,1,D,판티니 칼라렌타 페코리노 2024,Fantini Calalenta Pecorino 2024,Fantini,,750ml,21780,,,없음,,,,,,,,2026,높음,,False,https://charme-du-vin.com/2026/07/44390/,2024,
이탈리아,3,D,프레스코발디 브루넬로 디 몬탈치노 카스텔조콘도,Frescobaldi Brunello di Montalcino CastelGiocondo,Frescobaldi,DOCG,750ml,77220,,,없음,,,,,,,,2026,높음,,False,https://charme-du-vin.com/2026/07/44313/,표기없음,
이탈리아,40,D,ジオバッファ 피노 그리조 비올로지코,ジオバッファ Pinot Grigio Biologico,ジオバッファ,,750ml,12870,,,없음,,,,,,,,2025,높음,,True,https://charme-du-vin.com/2025/12/41989/,표기없음,
이탈리아,41,D,ジオバッファ 토스카나 로소 비올로지코,ジオバッファ Toscana Rosso Biologico,ジオバッファ,IGT,750ml,12870,,,없음,,,,,,,,2025,높음,,True,https://charme-du-vin.com/2025/12/41989/,표기없음,
이탈리아,51,D,로베르토 보에르치오 네비올로 디 산 프란체스코 2021,Roberto Voerzio Nebbiolo di San Francesco 2021,Roberto,,750ml,46530,,,없음,,,,,,,,2025,높음,,False,https://charme-du-vin.com/2025/07/40371/,2021,
이탈리아,72,D,マコン 드 비안코 2020,マコン de Bianco 2020,マコン,,750ml,188100,,,없음,,,,,,,,2025,높음,,True,https://charme-du-vin.com/2025/04/39080/,2020,
이탈리아,74,D,테르체토 바르바레스코 2020,Terzetto Barbaresco 2020,Terzetto,DOCG,750ml,18810,,,없음,,,,,,,,2025,높음,,False,https://charme-du-vin.com/2025/03/38825/,2020,
이탈리아,75,D,자로네 샤르도네 베르텔리 2022,Giarone Chardonnay Bertelli 2022,Giarone,,750ml,148500,,,없음,,,,,,,,2025,높음,,False,https://charme-du-vin.com/2025/03/38595/,2022,
이탈리아,82,D,산 마르차노 콜레치오네 친콴타 블랙 +1,San Marzano Collezione Cinquanta Black +1,Marzano,,750ml,29700,,,없음,,,,,,,,2025,높음,,False,https://charme-du-vin.com/2025/01/37930/,표기없음,
이탈리아,88,D,제오그라피코 ボルゴアラテッラ 고베르노 알루조 2022,Geografico ボルゴアラテッラ Governo all'Uso Toscano 2022,Geografico,IGT,750ml,15840,,,없음,,,,,,,,2025,높음,,True,https://charme-du-vin.com/2025/01/37730/,2022,
이탈리아,89,D,제오그라피코 フェランテ レッジェーロ 아파시멘토 2022,Geografico フェランテ レッジェーロ Appassimento 2022,Geografico,,750ml,16830,,,없음,,,,,,,,2025,높음,,True,https://charme-du-vin.com/2025/01/37730/,2022,
스페인·포르투갈,6,D,サティス デイ 프리미엄 시라 가르나차 2023,サティス デイ Premium Syrah Garnacha 2023,サティス,,750ml,15840,,,없음,,,,,,,,2026,높음,,True,https://charme-du-vin.com/2026/04/43041/,2023,
스페인·포르투갈,7,D,サティス デイ 프리미엄 소비뇽 블랑 2024,サティス デイ Premium Sauvignon Blanc 2024,サティス,,750ml,12870,,,없음,,,,,,,,2026,높음,,True,https://charme-du-vin.com/2026/04/43041/,2024,
스페인·포르투갈,8,D,ヴァル 데 ガリル 고델료 2024,ヴァル de ガリル Godello 2024,ヴァル,,750ml,17820,,,없음,,,,,,,,2026,높음,,True,https://charme-du-vin.com/2026/03/42818/,2024,
스페인·포르투갈,13,D,카스티요 데 메디나 페르멘타도 엔 바리카 2021,Castillo de Medina Fermentado en Barrica 2021,デメディナ,,750ml,25740,,,없음,,,,,,,,2025,높음,,True,https://charme-du-vin.com/2025/07/40144/,2021,
스페인·포르투갈,14,D,PSI 리베라 델 두에로 2021,PSI Ribera del Duero 2021,PSI,,750ml,38610,,,없음,,,,,,,,2025,높음,,False,https://charme-du-vin.com/2025/06/39999/,2021,
스페인·포르투갈,17,D,아시엔다 엘 エスピノ 1707 시라 알만사,Hacienda El エスピノ 1707 Syrah Almansa,エスピノ,,750ml,12870,,,없음,,,,,,,,2025,높음,,True,https://charme-du-vin.com/2025/05/39438/,표기없음,
스페인·포르투갈,20,D,후안 힐 콰트로 메세스 2023,Juan Gil cuatro meses 2023,Juan,,750ml,17820,,,없음,,,,,,,,2025,높음,,False,https://charme-du-vin.com/2025/02/38319/,2023,
스페인·포르투갈,24,D,カルチェロ シエント80 2019,カルチェロ シエント80 2019,カルチェロ,,750ml,21622,,,없음,,,,,,,,2024,보통,,True,https://charme-du-vin.com/2024/11/36741/,2019,
스페인·포르투갈,26,D,ウカン センデロ 데 ウカン 2020,ウカン センデロ de ウカン 2020,ウカン,,750ml,46332,,,없음,,,,,,,,2024,보통,,True,https://charme-du-vin.com/2024/10/36209/,2020,
스페인·포르투갈,27,D,ペペルイ 리아스 바이샤스 2022,ペペルイ Rías Baixas 2022,ペペルイ,,750ml,77220,,,없음,,,,,,,,2024,보통,,True,https://charme-du-vin.com/2024/10/36209/,2022,
스페인·포르투갈,30,D,쿠네 모노폴레 블랑코 세코 2019,CVNE Monopole Blanco Seco 2019,CVNE,,750ml,30888,,,없음,,,,,,,,2024,보통,,False,https://charme-du-vin.com/2024/07/35473/,2019,
스페인·포르투갈,33,D,クランプ 그라우부르군더 2022,クランプ Grauburgunder 2022,クランプ,,750ml,27799,,,없음,,,,,,,,2024,보통,,True,https://charme-du-vin.com/2024/06/34883/,2022,
스페인·포르투갈,34,D,クランプ 바이스부르군더 2022,クランプ Weissburgunder 2022,クランプ,,750ml,26770,,,없음,,,,,,,,2024,보통,,True,https://charme-du-vin.com/2024/06/34883/,2022,
스페인·포르투갈,35,D,クランプ 옥세루아 2023,クランプ Auxerrois 2023,クランプ,,750ml,27799,,,없음,,,,,,,,2024,보통,,True,https://charme-du-vin.com/2024/06/34883/,2023,
스페인·포르투갈,36,D,갈레르나 카베르네 소비뇽 2021,Galerna Cabernet Sauvignon 2021,Galerna,,750ml,9781,,,없음,,,,,,,,2024,보통,,False,https://charme-du-vin.com/2024/06/34747/,2021,
스페인·포르투갈,40,D,후안 힐 콰트로 메세스 2022,Juan Gil cuatro meses 2022,Juan,,750ml,18533,,,없음,,,,,,,,2024,보통,,False,https://charme-du-vin.com/2024/03/33594/,2022,
스페인·포르투갈,43,D,알람브르 마데이라 모스카텔 세투발 20년,Alambre Madeira Moscatel Setúbal 20 Year Old,Alambre,,750ml,70013,,,없음,,,,,,,,2024,보통,,False,https://charme-du-vin.com/2024/01/32989/,표기없음,
스페인·포르투갈,44,D,レオナルド 포트 30년,レオナルド Port 30 Year Old,レオナルド,,750ml,82368,,,없음,,,,,,,,2024,보통,,True,https://charme-du-vin.com/2024/01/32987/,표기없음,
스페인·포르투갈,57,D,ショーンレバーブブルムレイン 라인가우 리슬링 트로켄 2022,ショーンレバーブブルムレイン Rheingau Riesling Trocken 2022,ショーンレバーブブルムレイン,,750ml,20592,,,없음,,,,,,,,2024,보통,,True,https://charme-du-vin.com/2024/01/32950/,2022,
스페인·포르투갈,58,D,ガントラム 도른펠더 트로켄 2021,ガントラム Dornfelder Trocken 2021,ガントラム,,750ml,14414,,,없음,,,,,,,,2024,보통,,True,https://charme-du-vin.com/2024/01/32948/,2021,
스페인·포르투갈,72,D,Ψ Psi 리베라 델 두에로 2018,Ψ Psi Ribera del Duero 2018,Ψ,,750ml,41738,,,없음,,,,,,,,2022,낮음,,False,https://charme-du-vin.com/2022/08/27031/,2018,
스페인·포르투갈,73,D,엘 ヴィンクロ 크리안사 2017,El ヴィンクロ Crianza 2017,ヴィンクロ,,750ml,20869,,,없음,,,,,,,,2022,낮음,,True,https://charme-du-vin.com/2022/06/26625/,2017,
스페인·포르투갈,76,D,ヴァルダヤ 리베라 델 두에로 2018,ヴァルダヤ Ribera del Duero 2018,ヴァルダヤ,,750ml,63835,,,없음,,,,,,,,2022,낮음,,True,https://charme-du-vin.com/2022/04/25786/,2018,
스페인·포르투갈,79,D,마스 델 セラル 2009,Mas del セラル 2009,セラル,,1500ml,196416,,,없음,,,,,,,,2022,낮음,"실제병가:316,800원",True,https://charme-du-vin.com/2022/03/25508/,2009,
스페인·포르투갈,80,D,ヴェレタ 데 ソラーノ 템프라니요 2017,ヴェレタ de ソラーノ Tempranillo 2017,ヴェレタ,,750ml,9821,,,없음,,,,,,,,2022,낮음,,True,https://charme-du-vin.com/2022/03/25499/,2017,
스페인·포르투갈,84,D,マー セルヴェラ 카베르네 소비뇽 2010,マー セルヴェラ Cabernet Sauvignon 2010,マー,,750ml,16731,,,없음,,,,,,,,2021,낮음,,True,https://charme-du-vin.com/2021/11/24338/,2010,
스페인·포르투갈,85,D,マー セルヴェラ 시라 2011,マー セルヴェラ Syrah 2011,マー,,750ml,16731,,,없음,,,,,,,,2021,낮음,,True,https://charme-du-vin.com/2021/11/24338/,2011,
스페인·포르투갈,89,D,베이라 피노 누아 2017,Beira Pinot Noir 2017,Beira,,750ml,38610,,,없음,,,,,,,,2021,낮음,,False,https://charme-du-vin.com/2021/09/23676/,2017,
미국,13,D,더 ヴァイス 더 저지먼트 카베르네 소비뇽 2023,The ヴァイス The Judgement Cabernet Sauvignon 2023,ヴァイス,,750ml,128700,,,없음,,,,,,,,2026,높음,,True,https://charme-du-vin.com/2026/06/43850/,2023,
미국,20,D,콩스가드 キングスファーム 나파 밸리 블랑 2024,Kongsgaard キングスファーム Napa Valley Blanc 2024,Kongsgaard,,750ml,118800,,,없음,,,,,,,,2026,높음,,True,https://charme-du-vin.com/2026/05/43521/,2024,
미국,22,D,키슬러 샤르도네 ストックランチ 소노마 코스트 2023,Kistler Chardonnay ストックランチ Sonoma Coast 2023,Kistler,,750ml,227700,,,없음,,,,,,,,2026,높음,,True,https://charme-du-vin.com/2026/05/43509/,2023,
미국,23,D,캘리포니아 프레스 샤르도네 2024,California Press Chardonnay 2024,プレス,,750ml,14850,,,없음,,,,,,,,2026,높음,,True,https://charme-du-vin.com/2026/05/43506/,2024,
미국,24,D,캘리포니아 프레스 피노 누아 2022,California Press Pinot Noir 2022,プレス,,750ml,14850,,,없음,,,,,,,,2026,높음,,True,https://charme-du-vin.com/2026/05/43506/,2022,
미국,25,D,캘리포니아 프레스 레드 블렌드 2021,California Press Red Blend 2021,プレス,,750ml,14850,,,없음,,,,,,,,2026,높음,,True,https://charme-du-vin.com/2026/05/43506/,2021,
미국,33,D,ヴァソ 카베르네 소비뇽 나파 2020,ヴァソ Cabernet Sauvignon Napa 2020,ヴァソ,,750ml,128700,,,없음,,,,,,,,2026,높음,,True,https://charme-du-vin.com/2026/04/43109/,2020,
미국,34,D,신 쿠아 논 디스텐타 V 시라 2023,Sine Qua Non Distenta V Syrah 2023,シン,,750ml,544500,,,없음,,,,,,,,2026,높음,,True,https://charme-du-vin.com/2026/04/43106/,2023,
미국,35,D,신 쿠아 논 디스텐타 V 그르나슈 2023,Sine Qua Non Distenta V Grenache 2023,シン,,750ml,544500,,,없음,,,,,,,,2026,높음,,True,https://charme-du-vin.com/2026/04/43106/,2023,
미국,36,D,더 ヴァイス 피노 누아 2022,The ヴァイス Pinot Noir 2022,ヴァイス,,750ml,44550,,,없음,,,,,,,,2026,높음,,True,https://charme-du-vin.com/2026/03/42894/,2022,
미국,53,D,カモミ 소비뇽 블랑 2023,カモミ Sauvignon Blanc 2023,カモミ,,750ml,20790,,,없음,,,,,,,,2026,높음,,True,https://charme-du-vin.com/2026/02/42465/,2023,
미국,71,D,롱반 카베르네 소비뇽 2022,Longbarn Cabernet Sauvignon 2022,ロングバーン,,750ml,15840,,,없음,,,,,,,,2025,높음,,True,https://charme-du-vin.com/2025/10/41234/,2022,
미국,72,D,롱반 샤르도네 2023,Longbarn Chardonnay 2023,ロングバーン,,750ml,15840,,,없음,,,,,,,,2025,높음,,True,https://charme-du-vin.com/2025/10/41234/,2023,
미국,76,D,フォアマン 카베르네 소비뇽 2012,フォアマン Cabernet Sauvignon 2012,フォアマン,,750ml,108900,,,없음,,,,,,,,2025,높음,,True,https://charme-du-vin.com/2025/10/41060/,2012,
미국,77,D,フォアマン 카베르네 소비뇽 2014,フォアマン Cabernet Sauvignon 2014,フォアマン,,750ml,113850,,,없음,,,,,,,,2025,높음,,True,https://charme-du-vin.com/2025/10/41060/,2014,
미국,78,D,フォアマン 카베르네 소비뇽 2020,フォアマン Cabernet Sauvignon 2020,フォアマン,,750ml,128700,,,없음,,,,,,,,2025,높음,,True,https://charme-du-vin.com/2025/10/41060/,2020,
미국,82,D,헤드 하이 샤르도네 소노마 2023,Head High Chardonnay Sonoma 2023,ヘッドハイ,,750ml,19800,,,없음,,,,,,,,2025,높음,,True,https://charme-du-vin.com/2025/09/40926/,2023,
미국,83,D,헤드 하이 피노 누아 소노마 2022,Head High Pinot Noir Sonoma 2022,ヘッドハイ,,750ml,21780,,,없음,,,,,,,,2025,높음,,True,https://charme-du-vin.com/2025/09/40926/,2022,
미국,85,D,더 ヴァイス 카베르네 소비뇽 コヨーテルーザー 2021,The ヴァイス Cabernet Sauvignon コヨーテルーザー 2021,ヴァイス,,750ml,108900,,,없음,,,,,,,,2025,높음,,True,https://charme-du-vin.com/2025/09/40663/,2021,
미국,86,D,더 ヴァイス 샤르도네 2023,The ヴァイス Chardonnay 2023,ヴァイス,,750ml,49500,,,없음,,,,,,,,2025,높음,,True,https://charme-du-vin.com/2025/09/40663/,2023,
미국,90,D,ウィンドストーム 진판델 올드 바인 2021,ウィンドストーム Zinfandel Old Vine 2021,ウィンドストーム,,750ml,11880,,,없음,,,,,,,,2025,높음,,True,https://charme-du-vin.com/2025/07/40386/,2021,
미국,93,D,다나 에스테이트 에스테이츠 ヴァソ 카베르네 소비뇽 나파 2020,Dana Estates Estates ヴァソ Cabernet Sauvignon Napa 2020,ダナ,,750ml,128700,,,없음,,,,,,,,2025,높음,,True,https://charme-du-vin.com/2025/07/40254/,2020,
미국,104,D,애듈레이션 나파 밸리 카베르네 소비뇽,Adulation Napa Valley Cabernet Sauvignon,Adulation,,750ml,48510,,,없음,,,,,,,,2025,높음,,False,https://charme-du-vin.com/2025/06/39821/,표기없음,
미국,105,D,더 ヴァイス 카베르네 소비뇽 오크 놀 디스트릭트 2019,The ヴァイス Cabernet Sauvignon Oak Knoll District 2019,ヴァイス,,750ml,72270,,,없음,,,,,,,,2025,높음,,True,https://charme-du-vin.com/2025/06/39821/,2019,
미국,106,D,트웬티 로우스 리저브 카베르네 소비뇽 나파 2022,Twenty Rows Reserve Cabernet Sauvignon Napa 2022,トゥエンティロウズ,,750ml,34650,,,없음,,,,,,,,2025,높음,,True,https://charme-du-vin.com/2025/06/39707/,2022,
미국,107,D,뫼르소 샤름 22 2000,Meursault Charmes 22 2000,ムルソー,,750ml,495000,,,없음,,,,,,,,2025,높음,,True,https://charme-du-vin.com/2025/06/39665/,2000,
미국,108,D,フレヤ ヘルマン 퀴베 샤르도네 22 오리건 2000,フレヤ ヘルマン Cuvée Chardonnay 22 Oregon 2000,フレヤ,,750ml,386100,,,없음,,,,,,,,2025,높음,,True,https://charme-du-vin.com/2025/06/39662/,2000,
미국,109,D,リチャード ヘルマン 퀴베 샤르도네 22 오리건 2000,リチャード ヘルマン Cuvée Chardonnay 22 Oregon 2000,リチャード,,750ml,356400,,,없음,,,,,,,,2025,높음,,True,https://charme-du-vin.com/2025/06/39662/,2000,
미국,111,D,서브미션 피노 누아 2021,Submission Pinot Noir 2021,サブミッション,,750ml,20790,,,없음,,,,,,,,2025,높음,,True,https://charme-du-vin.com/2025/06/39555/,2021,
미국,119,D,카디날레 나파 카베르네 소비뇽 2018,Cardinale Napa Cabernet Sauvignon 2018,カーディナル,,750ml,287100,,,없음,,,,,,,,2025,높음,,True,https://charme-du-vin.com/2025/05/39382/,2018,
미국,120,D,イオス 카베르네 소비뇽 2023,イオス Cabernet Sauvignon 2023,イオス,,750ml,14355,,,없음,,,,,,,,2025,높음,,True,https://charme-du-vin.com/2025/05/39274/,2023,
미국,122,D,와이 바이 요시키 오크빌 카베르네 소비뇽 2018,Y by Yoshiki Oakville Cabernet Sauvignon 2018,Y,,750ml,326700,,,없음,,,,,,,,2025,높음,,False,https://charme-du-vin.com/2025/05/39233/,2018,
미국,123,D,エレメンタル 피노 누아 2022,エレメンタル Pinot Noir 2022,エレメンタル,,750ml,30690,,,없음,,,,,,,,2025,높음,,True,https://charme-du-vin.com/2025/04/39077/,2022,
미국,124,D,エレメンタル 샤르도네 2022,エレメンタル Chardonnay 2022,エレメンタル,,750ml,30690,,,없음,,,,,,,,2025,높음,,True,https://charme-du-vin.com/2025/04/39077/,2022,
미국,126,D,오크 리지 アンセントヴァン 진판델,Oak Ridge アンセントヴァン Zinfandel,オークリッジ,,750ml,34650,,,없음,,,,,,,,2025,높음,,True,https://charme-du-vin.com/2025/04/38988/,표기없음,
미국,128,D,ナパグレン 카베르네 소비뇽 2022,ナパグレン Cabernet Sauvignon 2022,ナパグレン,,750ml,34650,,,없음,,,,,,,,2025,높음,,True,https://charme-du-vin.com/2025/03/38551/,2022,
미국,132,D,더블 제로 와인스 VGW 샤르도네 2022,Double Zero Wines VGW Chardonnay 2022,ダブルゼロワインズ,,750ml,138600,,,없음,,,,,,,,2025,높음,,True,https://charme-du-vin.com/2025/02/38049/,2022,
미국,133,D,더블 제로 와인스 EGW 샤르도네 2022,Double Zero Wines EGW Chardonnay 2022,ダブルゼロワインズ,,750ml,207900,,,없음,,,,,,,,2025,높음,,True,https://charme-du-vin.com/2025/02/38049/,2022,
미국,134,D,더블 제로 와인스 세븐 스프링스 샤르도네 2022,Double Zero Wines Seven Springs Chardonnay 2022,ダブルゼロワインズ,,750ml,227700,,,없음,,,,,,,,2025,높음,,True,https://charme-du-vin.com/2025/02/38049/,2022,
미국,136,D,アカイボ トリニテエステート 2016,アカイボ トリニテエステート 2016,アカイボ,,750ml,88110,,,없음,,,,,,,,2025,높음,,True,https://charme-du-vin.com/2025/01/37996/,2016,
미국,139,D,フォリジャー 피노 누아 소노마 코스트 2021,フォリジャー Pinot Noir Sonoma Coast 2021,フォリジャー,,750ml,37620,,,없음,,,,,,,,2025,높음,,True,https://charme-du-vin.com/2025/01/37843/,2021,
미국,142,D,더 ヴァイス 카베르네 소비뇽 오크 놀 2019,The ヴァイス Cabernet Sauvignon Oak Knoll 2019,ヴァイス,,750ml,75240,,,없음,,,,,,,,2025,높음,,True,https://charme-du-vin.com/2025/01/37837/,2019,
미국,143,D,레콜 NO41 퍼거슨 2019,L'Ecole NO41 Ferguson 2019,L'Ecole,,750ml,97020,,,없음,,,,,,,,2025,높음,,True,https://charme-du-vin.com/2025/01/37826/,2019,
